Fecha;Tarde/Noche;Fijo;1er Corrido;2do Corrido
1/1/2022;T;25;2;18
1/1/2022;N;34;17;3
2/1/2022;T;10;64;92
2/1/2022;N;16;61;35
3/1/2022;T;41;51;44
3/1/2022;N;28;90;85
4/1/2022;T;99;48;63
4/1/2022;N;71;26;3
5/1/2022;T;70;76;62
5/1/2022;N;71;76;17
6/1/2022;T;12;23;29
6/1/2022;N;60;40;88
7/1/2022;T;18;81;38
7/1/2022;N;96;95;48
8/1/2022;T;63;22;99
8/1/2022;N;3;8;40
9/1/2022;T;55;24;6
9/1/2022;N;56;32;52
10/1/2022;T;34;37;26
10/1/2022;N;28;49;62
11/1/2022;T;75;0;88
11/1/2022;N;0;93;68
12/1/2022;T;89;3;79
12/1/2022;N;32;43;98
13/1/2022;T;64;8;35
13/1/2022;N;65;39;64
14/1/2022;T;12;37;31
14/1/2022;N;99;71;27
15/1/2022;T;26;46;61
15/1/2022;N;88;26;7
16/1/2022;T;32;92;58
16/1/2022;N;94;55;72
17/1/2022;T;38;54;42
17/1/2022;N;8;48;57
18/1/2022;T;36;79;33
18/1/2022;N;85;59;2
19/1/2022;T;0;78;15
19/1/2022;N;41;30;65
20/1/2022;T;92;4;33
20/1/2022;N;37;58;15
21/1/2022;T;70;12;92
21/1/2022;N;82;14;37
22/1/2022;T;12;0;85
22/1/2022;N;89;36;49
23/1/2022;T;29;74;12
23/1/2022;N;7;86;12
24/1/2022;T;33;92;27
24/1/2022;N;11;50;58
25/1/2022;T;29;55;14
25/1/2022;N;94;96;0
26/1/2022;T;98;17;98
26/1/2022;N;45;85;24
27/1/2022;T;85;49;55
27/1/2022;N;77;45;47
28/1/2022;T;70;56;96
28/1/2022;N;51;60;20
29/1/2022;T;93;27;6
29/1/2022;N;62;94;16
30/1/2022;T;77;47;95
30/1/2022;N;43;51;62
31/1/2022;T;24;11;75
31/1/2022;N;88;5;24
1/2/2022;T;29;93;55
1/2/2022;N;14;24;16
2/2/2022;T;98;28;86
2/2/2022;N;31;71;89
3/2/2022;T;26;16;47
3/2/2022;N;67;39;35
4/2/2022;T;62;24;59
4/2/2022;N;75;49;25
5/2/2022;T;87;45;0
5/2/2022;N;15;8;42
6/2/2022;T;6;3;51
6/2/2022;N;14;72;76
7/2/2022;T;0;24;18
7/2/2022;N;34;27;12
8/2/2022;T;35;21;64
8/2/2022;N;36;50;19
9/2/2022;T;65;20;22
9/2/2022;N;29;13;66
10/2/2022;T;33;43;60
10/2/2022;N;66;19;98
11/2/2022;T;87;59;80
11/2/2022;N;7;57;63
12/2/2022;T;19;64;36
12/2/2022;N;41;78;25
13/2/2022;T;32;86;13
13/2/2022;N;13;38;40
14/2/2022;T;46;30;14
14/2/2022;N;28;80;50
15/2/2022;T;79;84;79
15/2/2022;N;37;87;39
16/2/2022;T;6;94;19
16/2/2022;N;95;71;78
17/2/2022;T;11;86;28
17/2/2022;N;2;81;9
18/2/2022;T;25;24;75
18/2/2022;N;32;46;53
19/2/2022;T;60;84;9
19/2/2022;N;70;35;17
20/2/2022;T;51;13;55
20/2/2022;N;11;57;61
21/2/2022;T;84;83;13
21/2/2022;N;20;49;42
22/2/2022;T;83;91;43
22/2/2022;N;19;50;70
23/2/2022;T;31;80;72
23/2/2022;N;2;0;55
24/2/2022;T;44;79;40
24/2/2022;N;31;54;15
25/2/2022;T;45;49;70
25/2/2022;N;87;69;14
26/2/2022;T;58;84;23
26/2/2022;N;83;35;66
27/2/2022;T;26;18;67
27/2/2022;N;55;36;36
28/2/2022;T;99;63;12
28/2/2022;N;54;81;39
1/3/2022;T;68;3;22
1/3/2022;N;50;82;69
2/3/2022;T;75;8;38
2/3/2022;N;74;92;38
3/3/2022;T;40;14;65
3/3/2022;N;1;77;32
4/3/2022;T;21;86;47
4/3/2022;N;14;37;61
5/3/2022;T;88;2;96
5/3/2022;N;41;89;87
6/3/2022;T;17;35;14
6/3/2022;N;85;97;89
7/3/2022;T;22;8;90
7/3/2022;N;72;76;99
8/3/2022;T;65;7;21
8/3/2022;N;35;57;70
9/3/2022;T;53;69;6
9/3/2022;N;73;14;99
10/3/2022;T;59;2;34
10/3/2022;N;52;25;80
11/3/2022;T;47;21;85
11/3/2022;N;48;97;35
12/3/2022;T;21;83;6
12/3/2022;N;32;6;1
13/3/2022;T;43;76;39
13/3/2022;N;81;71;47
14/3/2022;T;62;4;53
14/3/2022;N;66;75;42
15/3/2022;T;19;56;2
15/3/2022;N;65;35;47
16/3/2022;T;58;15;91
16/3/2022;N;20;71;85
17/3/2022;T;70;39;5
17/3/2022;N;11;96;89
18/3/2022;T;84;88;89
18/3/2022;N;20;73;26
19/3/2022;T;77;62;96
19/3/2022;N;97;44;33
20/3/2022;T;28;39;11
20/3/2022;N;17;14;28
21/3/2022;T;45;51;99
21/3/2022;N;40;87;87
22/3/2022;T;98;10;76
22/3/2022;N;38;73;36
23/3/2022;T;80;70;92
23/3/2022;N;91;83;33
24/3/2022;T;55;45;64
24/3/2022;N;23;34;2
25/3/2022;T;66;56;50
25/3/2022;N;40;53;80
26/3/2022;T;76;86;95
26/3/2022;N;34;83;93
27/3/2022;T;28;60;46
27/3/2022;N;63;20;22
28/3/2022;T;63;42;89
28/3/2022;N;75;61;92
29/3/2022;T;11;44;99
29/3/2022;N;31;63;58
30/3/2022;T;74;96;85
30/3/2022;N;26;57;45
31/3/2022;T;90;51;68
31/3/2022;N;66;50;89
1/4/2022;T;99;19;42
1/4/2022;N;11;44;4
2/4/2022;T;27;22;45
2/4/2022;N;71;81;59
3/4/2022;T;22;83;93
3/4/2022;N;69;45;91
4/4/2022;T;29;29;36
4/4/2022;N;6;5;6
5/4/2022;T;70;48;35
5/4/2022;N;23;57;10
6/4/2022;T;66;49;12
6/4/2022;N;15;1;12
7/4/2022;T;27;10;62
7/4/2022;N;89;68;61
8/4/2022;T;46;92;48
8/4/2022;N;23;20;74
9/4/2022;T;48;82;19
9/4/2022;N;77;80;79
10/4/2022;T;54;4;83
10/4/2022;N;96;78;79
11/4/2022;T;60;1;8
11/4/2022;N;90;14;8
12/4/2022;T;5;66;88
12/4/2022;N;67;25;2
13/4/2022;T;57;68;35
13/4/2022;N;49;21;98
14/4/2022;T;37;17;24
14/4/2022;N;65;69;69
15/4/2022;T;4;74;83
15/4/2022;N;48;84;64
16/4/2022;T;11;43;62
16/4/2022;N;15;18;77
17/4/2022;T;34;92;21
17/4/2022;N;54;31;90
18/4/2022;T;95;71;79
18/4/2022;N;97;41;87
19/4/2022;T;55;89;18
19/4/2022;N;63;39;65
20/4/2022;T;31;12;20
20/4/2022;N;89;35;50
21/4/2022;T;48;34;1
21/4/2022;N;89;4;94
22/4/2022;T;76;3;0
22/4/2022;N;84;8;90
23/4/2022;T;86;4;7
23/4/2022;N;58;37;92
24/4/2022;T;93;3;59
24/4/2022;N;54;74;93
25/4/2022;T;93;53;16
25/4/2022;N;63;18;57
26/4/2022;T;56;52;65
26/4/2022;N;8;99;2
27/4/2022;T;5;96;98
27/4/2022;N;97;98;89
28/4/2022;T;68;25;32
28/4/2022;N;51;34;78
29/4/2022;T;96;21;92
29/4/2022;N;81;67;59
30/4/2022;T;98;4;22
30/4/2022;N;30;40;4
1/5/2022;T;93;34;43
1/5/2022;N;27;70;79
2/5/2022;T;71;24;12
2/5/2022;N;48;90;61
3/5/2022;T;51;84;88
3/5/2022;N;74;60;54
4/5/2022;T;73;31;2
4/5/2022;N;11;90;32
5/5/2022;T;85;38;18
5/5/2022;N;17;36;64
6/5/2022;T;25;48;86
6/5/2022;N;77;98;16
7/5/2022;T;48;31;89
7/5/2022;N;51;43;23
8/5/2022;T;74;26;39
8/5/2022;N;5;89;91
9/5/2022;T;8;17;53
9/5/2022;N;30;59;55
10/5/2022;T;48;24;75
10/5/2022;N;78;98;11
11/5/2022;T;47;78;18
11/5/2022;N;3;45;29
12/5/2022;T;84;26;44
12/5/2022;N;32;12;99
13/5/2022;T;2;11;99
13/5/2022;N;56;49;4
14/5/2022;T;1;54;18
14/5/2022;N;77;71;16
15/5/2022;T;77;6;51
15/5/2022;N;17;22;41
16/5/2022;T;76;77;19
16/5/2022;N;6;53;69
17/5/2022;T;50;66;2
17/5/2022;N;82;48;8
18/5/2022;T;78;67;8
18/5/2022;N;73;10;6
19/5/2022;T;76;8;19
19/5/2022;N;96;13;70
20/5/2022;T;32;51;61
20/5/2022;N;18;33;73
21/5/2022;T;13;71;61
21/5/2022;N;86;28;96
22/5/2022;T;10;81;52
22/5/2022;N;36;77;0
23/5/2022;T;9;97;94
23/5/2022;N;18;8;11
24/5/2022;T;59;22;3
24/5/2022;N;92;23;54
25/5/2022;T;42;62;23
25/5/2022;N;80;23;61
26/5/2022;T;32;53;40
26/5/2022;N;34;22;76
27/5/2022;T;44;2;47
27/5/2022;N;38;72;55
28/5/2022;T;14;71;97
28/5/2022;N;97;51;10
29/5/2022;T;54;8;93
29/5/2022;N;0;17;87
30/5/2022;T;99;93;1
30/5/2022;N;21;56;51
31/5/2022;T;98;31;38
31/5/2022;N;26;22;67
1/6/2022;T;46;56;3
1/6/2022;N;31;20;25
2/6/2022;T;25;3;77
2/6/2022;N;75;41;70
3/6/2022;T;80;34;28
3/6/2022;N;12;69;72
4/6/2022;T;65;35;59
4/6/2022;N;8;13;80
5/6/2022;T;92;24;82
5/6/2022;N;74;31;75
6/6/2022;T;43;6;33
6/6/2022;N;43;24;36
7/6/2022;T;56;95;71
7/6/2022;N;44;1;36
8/6/2022;T;35;4;84
8/6/2022;N;80;36;80
9/6/2022;T;26;68;48
9/6/2022;N;97;62;67
10/6/2022;T;52;29;82
10/6/2022;N;56;30;39
11/6/2022;T;12;13;50
11/6/2022;N;72;87;3
12/6/2022;T;79;23;76
12/6/2022;N;72;17;58
13/6/2022;T;29;77;48
13/6/2022;N;38;67;54
14/6/2022;T;48;16;69
14/6/2022;N;71;58;46
15/6/2022;T;63;2;40
15/6/2022;N;96;55;74
16/6/2022;T;15;60;74
16/6/2022;N;98;37;58
17/6/2022;T;71;58;56
17/6/2022;N;79;20;0
18/6/2022;T;29;41;85
18/6/2022;N;38;2;25
19/6/2022;T;73;22;69
19/6/2022;N;68;15;91
20/6/2022;T;52;5;71
20/6/2022;N;26;82;69
21/6/2022;T;75;15;8
21/6/2022;N;28;83;92
22/6/2022;T;57;89;96
22/6/2022;N;5;16;0
23/6/2022;T;86;86;51
23/6/2022;N;48;39;20
24/6/2022;T;21;30;11
24/6/2022;N;15;75;73
25/6/2022;T;50;48;15
25/6/2022;N;0;17;44
26/6/2022;T;82;97;94
26/6/2022;N;6;9;51
27/6/2022;T;28;0;86
27/6/2022;N;93;73;40
28/6/2022;T;46;82;17
28/6/2022;N;43;37;85
29/6/2022;T;71;5;77
29/6/2022;N;93;34;77
30/6/2022;T;18;55;31
30/6/2022;N;6;16;40
1/7/2022;T;23;54;61
1/7/2022;N;3;86;62
2/7/2022;T;93;99;72
2/7/2022;N;79;55;27
3/7/2022;T;32;4;46
3/7/2022;N;91;88;97
4/7/2022;T;77;7;23
4/7/2022;N;70;93;47
5/7/2022;T;60;67;15
5/7/2022;N;73;98;9
6/7/2022;T;15;94;80
6/7/2022;N;21;46;71
7/7/2022;T;53;43;50
7/7/2022;N;78;82;98
8/7/2022;T;23;43;3
8/7/2022;N;80;40;53
9/7/2022;T;49;39;6
9/7/2022;N;50;36;25
10/7/2022;T;44;52;46
10/7/2022;N;34;9;21
11/7/2022;T;34;27;93
11/7/2022;N;98;1;14
12/7/2022;T;66;69;16
12/7/2022;N;1;9;82
13/7/2022;T;70;36;1
13/7/2022;N;39;70;51
14/7/2022;T;51;81;3
14/7/2022;N;61;84;40
15/7/2022;T;92;18;86
15/7/2022;N;44;91;12
16/7/2022;T;66;67;59
16/7/2022;N;7;39;39
17/7/2022;T;59;36;89
17/7/2022;N;40;28;3
18/7/2022;T;65;71;58
18/7/2022;N;78;23;56
19/7/2022;T;62;5;93
19/7/2022;N;10;88;31
20/7/2022;T;96;34;67
20/7/2022;N;74;26;35
21/7/2022;T;34;48;77
21/7/2022;N;54;8;46
22/7/2022;T;20;19;84
22/7/2022;N;60;87;86
23/7/2022;T;13;48;97
23/7/2022;N;64;88;50
24/7/2022;T;42;25;88
24/7/2022;N;70;56;87
25/7/2022;T;4;13;63
25/7/2022;N;79;35;54
26/7/2022;T;89;96;18
26/7/2022;N;99;4;16
27/7/2022;T;28;90;4
27/7/2022;N;54;70;25
28/7/2022;T;3;13;19
28/7/2022;N;74;16;46
29/7/2022;T;41;57;59
29/7/2022;N;25;52;73
30/7/2022;T;40;15;18
30/7/2022;N;46;93;62
31/7/2022;T;95;8;52
31/7/2022;N;58;31;96
1/8/2022;T;5;84;85
1/8/2022;N;32;46;36
2/8/2022;T;95;85;92
2/8/2022;N;34;0;7
3/8/2022;T;28;29;86
3/8/2022;N;45;49;1
4/8/2022;T;90;47;52
4/8/2022;N;93;74;88
5/8/2022;T;10;97;5
5/8/2022;N;76;9;20
6/8/2022;T;92;47;53
6/8/2022;N;99;23;52
7/8/2022;T;43;55;85
7/8/2022;N;59;20;37
8/8/2022;T;90;75;73
8/8/2022;N;61;60;14
9/8/2022;T;16;58;84
9/8/2022;N;33;45;27
10/8/2022;T;98;14;97
10/8/2022;N;18;6;56
11/8/2022;T;45;18;28
11/8/2022;N;67;56;4
12/8/2022;T;99;5;80
12/8/2022;N;48;5;72
13/8/2022;T;99;64;11
13/8/2022;N;75;19;99
14/8/2022;T;59;97;19
14/8/2022;N;20;31;9
15/8/2022;T;2;66;56
15/8/2022;N;94;16;75
16/8/2022;T;97;59;51
16/8/2022;N;37;1;33
17/8/2022;T;10;64;20
17/8/2022;N;19;12;43
18/8/2022;T;74;24;53
18/8/2022;N;36;72;44
19/8/2022;T;58;91;10
19/8/2022;N;77;3;61
20/8/2022;T;92;22;80
20/8/2022;N;10;30;82
21/8/2022;T;50;58;17
21/8/2022;N;67;97;5
22/8/2022;T;39;47;92
22/8/2022;N;49;0;66
23/8/2022;T;89;38;67
23/8/2022;N;62;24;1
24/8/2022;T;72;42;93
24/8/2022;N;40;65;50
25/8/2022;T;56;95;12
25/8/2022;N;11;66;10
26/8/2022;T;29;63;20
26/8/2022;N;9;7;54
27/8/2022;T;11;10;48
27/8/2022;N;35;82;97
28/8/2022;T;15;58;55
28/8/2022;N;17;21;94
29/8/2022;T;55;77;30
29/8/2022;N;87;16;96
30/8/2022;T;44;44;1
30/8/2022;N;37;83;74
31/8/2022;T;89;33;93
31/8/2022;N;82;7;68
1/9/2022;T;69;62;72
1/9/2022;N;52;79;56
2/9/2022;T;89;29;30
2/9/2022;N;18;49;67
3/9/2022;T;21;55;13
3/9/2022;N;66;84;87
4/9/2022;T;24;66;3
4/9/2022;N;72;70;48
5/9/2022;T;43;42;23
5/9/2022;N;96;13;59
6/9/2022;T;20;11;49
6/9/2022;N;55;69;58
7/9/2022;T;62;87;53
7/9/2022;N;51;97;2
8/9/2022;T;55;34;55
8/9/2022;N;47;11;48
9/9/2022;T;86;53;63
9/9/2022;N;12;16;77
10/9/2022;T;87;57;34
10/9/2022;N;78;23;0
11/9/2022;T;19;55;25
11/9/2022;N;26;0;46
12/9/2022;T;56;0;74
12/9/2022;N;27;21;50
13/9/2022;T;38;61;45
13/9/2022;N;56;79;38
14/9/2022;T;61;88;32
14/9/2022;N;45;63;99
15/9/2022;T;88;1;49
15/9/2022;N;72;38;70
16/9/2022;T;39;68;52
16/9/2022;N;95;56;15
17/9/2022;T;12;82;40
17/9/2022;N;31;0;87
18/9/2022;T;6;36;12
18/9/2022;N;0;38;55
19/9/2022;T;64;39;33
19/9/2022;N;43;10;48
20/9/2022;T;21;54;55
20/9/2022;N;46;3;51
21/9/2022;T;43;33;77
21/9/2022;N;36;94;64
22/9/2022;T;62;96;58
22/9/2022;N;79;26;68
23/9/2022;T;16;8;55
23/9/2022;N;6;0;91
24/9/2022;T;17;70;76
24/9/2022;N;47;18;27
25/9/2022;T;9;17;21
25/9/2022;N;0;78;93
26/9/2022;T;81;34;20
26/9/2022;N;82;44;5
27/9/2022;T;29;44;44
27/9/2022;N;5;32;39
28/9/2022;T;48;32;2
28/9/2022;N;56;35;12
29/9/2022;T;49;51;87
29/9/2022;N;67;94;62
30/9/2022;T;84;94;36
30/9/2022;N;68;94;99
1/10/2022;T;50;66;79
1/10/2022;N;67;92;87
2/10/2022;T;56;71;13
2/10/2022;N;78;69;80
3/10/2022;T;92;55;82
3/10/2022;N;29;10;30
4/10/2022;T;25;67;46
4/10/2022;N;99;66;25
5/10/2022;T;23;82;21
5/10/2022;N;53;12;38
6/10/2022;T;92;55;44
6/10/2022;N;6;7;84
7/10/2022;T;53;87;21
7/10/2022;N;54;55;26
8/10/2022;T;61;22;88
8/10/2022;N;50;64;85
9/10/2022;T;14;98;63
9/10/2022;N;94;16;77
10/10/2022;T;45;60;83
10/10/2022;N;91;99;80
11/10/2022;T;98;27;61
11/10/2022;N;11;23;53
12/10/2022;T;16;7;49
12/10/2022;N;94;61;23
13/10/2022;T;76;97;81
13/10/2022;N;20;63;94
14/10/2022;T;26;7;37
14/10/2022;N;5;80;85
15/10/2022;T;80;53;6
15/10/2022;N;27;15;45
16/10/2022;T;8;47;1
16/10/2022;N;37;43;30
17/10/2022;T;53;90;56
17/10/2022;N;5;93;39
18/10/2022;T;90;65;1
18/10/2022;N;77;66;38
19/10/2022;T;59;81;83
19/10/2022;N;5;93;31
20/10/2022;T;20;22;18
20/10/2022;N;33;77;80
21/10/2022;T;89;94;30
21/10/2022;N;94;61;48
22/10/2022;T;8;0;81
22/10/2022;N;22;64;94
23/10/2022;T;57;86;5
23/10/2022;N;94;50;87
24/10/2022;T;80;4;30
24/10/2022;N;58;87;21
25/10/2022;T;22;16;32
25/10/2022;N;52;51;34
26/10/2022;T;88;68;98
26/10/2022;N;49;35;45
27/10/2022;T;28;36;64
27/10/2022;N;5;78;22
28/10/2022;T;43;37;37
28/10/2022;N;96;28;95
29/10/2022;T;82;68;58
29/10/2022;N;50;33;54
30/10/2022;T;36;91;57
30/10/2022;N;17;5;88
31/10/2022;T;40;62;91
31/10/2022;N;36;71;58
1/11/2022;T;21;63;15
1/11/2022;N;22;42;32
2/11/2022;T;25;11;8
2/11/2022;N;97;92;1
3/11/2022;T;61;62;93
3/11/2022;N;86;91;69
4/11/2022;T;89;48;47
4/11/2022;N;43;30;15
5/11/2022;T;71;41;93
5/11/2022;N;15;68;56
6/11/2022;T;7;73;16
6/11/2022;N;83;94;64
7/11/2022;T;11;43;20
7/11/2022;N;9;18;13
8/11/2022;T;49;35;88
8/11/2022;N;52;49;48
9/11/2022;T;55;45;99
9/11/2022;N;53;78;28
10/11/2022;T;61;51;58
10/11/2022;N;82;98;89
11/11/2022;T;44;48;80
11/11/2022;N;6;44;26
12/11/2022;T;80;11;1
12/11/2022;N;97;62;83
13/11/2022;T;78;49;37
13/11/2022;N;9;68;57
14/11/2022;T;67;75;68
14/11/2022;N;43;56;93
15/11/2022;T;25;72;54
15/11/2022;N;34;65;50
16/11/2022;T;58;14;60
16/11/2022;N;92;95;70
17/11/2022;T;61;21;67
17/11/2022;N;22;87;51
18/11/2022;T;25;20;33
18/11/2022;N;15;96;25
19/11/2022;T;93;27;80
19/11/2022;N;40;73;82
20/11/2022;T;88;14;84
20/11/2022;N;38;55;89
21/11/2022;T;17;86;2
21/11/2022;N;52;87;69
22/11/2022;T;72;11;34
22/11/2022;N;38;59;67
23/11/2022;T;88;16;32
23/11/2022;N;83;85;63
24/11/2022;T;72;31;28
24/11/2022;N;68;14;82
25/11/2022;T;82;65;28
25/11/2022;N;13;1;25
26/11/2022;T;53;43;32
26/11/2022;N;81;92;97
27/11/2022;T;66;94;93
27/11/2022;N;19;80;86
28/11/2022;T;51;55;76
28/11/2022;N;49;49;1
29/11/2022;T;50;7;8
29/11/2022;N;73;29;68
30/11/2022;T;70;33;17
30/11/2022;N;0;13;65
1/12/2022;T;52;56;31
1/12/2022;N;12;68;46
2/12/2022;T;11;3;20
2/12/2022;N;76;71;38
3/12/2022;T;91;92;18
3/12/2022;N;28;62;31
4/12/2022;T;42;47;80
4/12/2022;N;18;94;94
5/12/2022;T;30;20;98
5/12/2022;N;22;45;63
6/12/2022;T;40;27;84
6/12/2022;N;78;71;56
7/12/2022;T;94;80;64
7/12/2022;N;45;22;88
8/12/2022;T;83;67;78
8/12/2022;N;96;29;14
9/12/2022;T;46;12;53
9/12/2022;N;92;3;77
10/12/2022;T;54;36;61
10/12/2022;N;73;86;45
11/12/2022;T;10;25;60
11/12/2022;N;68;44;37
12/12/2022;T;53;93;98
12/12/2022;N;85;35;45
13/12/2022;T;70;39;90
13/12/2022;N;63;8;26
14/12/2022;T;92;72;8
14/12/2022;N;7;64;77
15/12/2022;T;82;68;3
15/12/2022;N;59;45;84
16/12/2022;T;29;92;6
16/12/2022;N;84;49;84
17/12/2022;T;49;39;7
17/12/2022;N;27;46;15
18/12/2022;T;9;79;77
18/12/2022;N;89;37;54
19/12/2022;T;74;94;66
19/12/2022;N;80;34;18
20/12/2022;T;66;25;56
20/12/2022;N;74;59;97
21/12/2022;T;1;73;63
21/12/2022;N;20;45;68
22/12/2022;T;24;99;48
22/12/2022;N;74;95;37
23/12/2022;T;52;74;83
23/12/2022;N;76;17;47
24/12/2022;T;87;23;87
24/12/2022;N;37;75;0
25/12/2022;T;70;11;98
25/12/2022;N;23;37;72
26/12/2022;T;65;83;17
26/12/2022;N;36;22;69
27/12/2022;T;42;61;27
27/12/2022;N;20;45;8
28/12/2022;T;21;65;37
28/12/2022;N;42;52;87
29/12/2022;T;10;67;27
29/12/2022;N;48;39;97
30/12/2022;T;15;70;22
30/12/2022;N;85;29;30
31/12/2022;T;39;26;96
31/12/2022;N;90;97;16
1/1/2023;T;11;42;18
1/1/2023;N;64;58;28
2/1/2023;T;51;10;2
2/1/2023;N;90;53;3
3/1/2023;T;3;60;71
3/1/2023;N;75;39;30
4/1/2023;T;57;15;94
4/1/2023;N;47;14;84
5/1/2023;T;17;8;74
5/1/2023;N;63;12;49
6/1/2023;T;42;69;46
6/1/2023;N;71;84;36
7/1/2023;T;50;66;66
7/1/2023;N;49;92;64
8/1/2023;T;92;46;2
8/1/2023;N;63;2;20
9/1/2023;T;85;60;16
9/1/2023;N;17;5;45
10/1/2023;T;31;65;88
10/1/2023;N;14;24;75
11/1/2023;T;98;5;93
11/1/2023;N;24;5;10
12/1/2023;T;6;76;56
12/1/2023;N;92;32;82
13/1/2023;T;96;54;0
13/1/2023;N;6;41;37
14/1/2023;T;78;76;5
14/1/2023;N;25;93;11
15/1/2023;T;64;82;62
15/1/2023;N;67;11;23
16/1/2023;T;61;38;67
16/1/2023;N;49;64;65
17/1/2023;T;13;59;67
17/1/2023;N;88;4;28
18/1/2023;T;35;87;74
18/1/2023;N;56;70;59
19/1/2023;T;0;49;41
19/1/2023;N;86;94;27
20/1/2023;T;68;83;76
20/1/2023;N;58;54;69
21/1/2023;T;74;17;36
21/1/2023;N;64;87;10
22/1/2023;T;12;90;60
22/1/2023;N;97;47;67
23/1/2023;T;91;68;89
23/1/2023;N;44;3;3
24/1/2023;T;34;73;48
24/1/2023;N;74;53;93
25/1/2023;T;86;90;86
25/1/2023;N;8;14;16
26/1/2023;T;48;79;8
26/1/2023;N;61;78;44
27/1/2023;T;48;37;28
27/1/2023;N;95;42;10
28/1/2023;T;4;39;49
28/1/2023;N;8;94;9
29/1/2023;T;39;91;40
29/1/2023;N;41;57;78
30/1/2023;T;68;79;67
30/1/2023;N;94;36;17
31/1/2023;T;14;33;95
31/1/2023;N;97;19;89
1/2/2023;T;43;47;17
1/2/2023;N;23;72;28
2/2/2023;T;99;15;50
2/2/2023;N;66;43;12
3/2/2023;T;27;13;97
3/2/2023;N;35;56;79
4/2/2023;T;83;34;54
4/2/2023;N;7;36;46
5/2/2023;T;47;22;44
5/2/2023;N;31;73;79
6/2/2023;T;4;93;63
6/2/2023;N;64;9;33
7/2/2023;T;54;68;61
7/2/2023;N;17;75;12
8/2/2023;T;97;73;30
8/2/2023;N;70;60;94
9/2/2023;T;38;68;55
9/2/2023;N;11;14;82
10/2/2023;T;3;90;95
10/2/2023;N;42;52;92
11/2/2023;T;55;82;16
11/2/2023;N;34;96;36
12/2/2023;T;36;97;89
12/2/2023;N;78;22;88
13/2/2023;T;85;42;37
13/2/2023;N;75;46;91
14/2/2023;T;96;64;85
14/2/2023;N;75;51;32
15/2/2023;T;2;47;58
15/2/2023;N;51;94;33
16/2/2023;T;7;40;6
16/2/2023;N;90;77;70
17/2/2023;T;98;26;24
17/2/2023;N;77;94;81
18/2/2023;T;71;70;62
18/2/2023;N;72;82;19
19/2/2023;T;26;30;86
19/2/2023;N;22;29;45
20/2/2023;T;77;68;85
20/2/2023;N;85;96;58
21/2/2023;T;72;54;5
21/2/2023;N;19;85;36
22/2/2023;T;59;2;9
22/2/2023;N;58;0;0
23/2/2023;T;27;47;82
23/2/2023;N;7;55;65
24/2/2023;T;94;39;78
24/2/2023;N;30;53;58
25/2/2023;T;15;84;40
25/2/2023;N;2;18;1
26/2/2023;T;77;68;36
26/2/2023;N;62;28;35
27/2/2023;T;76;89;61
27/2/2023;N;47;76;58
28/2/2023;T;50;49;30
28/2/2023;N;88;15;65
1/3/2023;T;78;91;79
1/3/2023;N;78;53;64
2/3/2023;T;52;9;81
2/3/2023;N;67;64;50
3/3/2023;T;51;56;26
3/3/2023;N;13;73;83
4/3/2023;T;81;7;15
4/3/2023;N;71;62;24
5/3/2023;T;40;93;10
5/3/2023;N;78;49;98
6/3/2023;T;40;4;74
6/3/2023;N;27;64;81
7/3/2023;T;78;65;46
7/3/2023;N;22;15;20
8/3/2023;T;53;3;76
8/3/2023;N;98;12;10
9/3/2023;T;28;77;74
9/3/2023;N;27;55;5
10/3/2023;T;80;34;20
10/3/2023;N;5;8;74
11/3/2023;T;84;75;85
11/3/2023;N;96;43;33
12/3/2023;T;16;16;92
12/3/2023;N;74;70;37
13/3/2023;T;50;58;81
13/3/2023;N;81;88;12
14/3/2023;T;10;96;20
14/3/2023;N;63;6;92
15/3/2023;T;23;83;51
15/3/2023;N;59;54;61
16/3/2023;T;1;93;78
16/3/2023;N;91;70;73
17/3/2023;T;60;2;2
17/3/2023;N;13;64;60
18/3/2023;T;94;57;83
18/3/2023;N;29;61;31
19/3/2023;T;73;82;90
19/3/2023;N;33;57;31
20/3/2023;T;29;41;6
20/3/2023;N;48;9;13
21/3/2023;T;82;58;41
21/3/2023;N;47;89;4
22/3/2023;T;63;28;27
22/3/2023;N;32;54;58
23/3/2023;T;94;6;44
23/3/2023;N;63;4;27
24/3/2023;T;54;84;71
24/3/2023;N;84;38;25
25/3/2023;T;54;9;8
25/3/2023;N;50;76;1
26/3/2023;T;75;33;95
26/3/2023;N;48;37;17
27/3/2023;T;60;75;64
27/3/2023;N;34;8;54
28/3/2023;T;69;33;33
28/3/2023;N;39;48;93
29/3/2023;T;97;13;80
29/3/2023;N;88;66;61
30/3/2023;T;5;53;28
30/3/2023;N;24;55;92
31/3/2023;T;35;88;20
31/3/2023;N;57;34;74
1/4/2023;T;21;23;96
1/4/2023;N;56;34;33
2/4/2023;T;77;39;54
2/4/2023;N;5;24;14
3/4/2023;T;58;63;47
3/4/2023;N;85;23;14
4/4/2023;T;80;11;95
4/4/2023;N;40;58;53
5/4/2023;T;54;69;2
5/4/2023;N;58;34;60
6/4/2023;T;82;6;95
6/4/2023;N;1;69;53
7/4/2023;T;45;0;74
7/4/2023;N;33;18;91
8/4/2023;T;4;30;76
8/4/2023;N;93;77;36
9/4/2023;T;55;72;43
9/4/2023;N;72;32;76
10/4/2023;T;71;98;75
10/4/2023;N;3;79;65
11/4/2023;T;67;34;35
11/4/2023;N;2;61;10
12/4/2023;T;26;47;27
12/4/2023;N;11;49;98
13/4/2023;T;70;14;52
13/4/2023;N;3;0;60
14/4/2023;T;37;25;4
14/4/2023;N;73;90;7
15/4/2023;T;34;69;41
15/4/2023;N;82;57;32
16/4/2023;T;5;89;80
16/4/2023;N;2;91;19
17/4/2023;T;8;42;76
17/4/2023;N;4;77;1
18/4/2023;T;60;82;96
18/4/2023;N;55;34;67
19/4/2023;T;20;47;59
19/4/2023;N;1;48;40
20/4/2023;T;53;19;13
20/4/2023;N;88;18;46
21/4/2023;T;67;41;86
21/4/2023;N;71;35;94
22/4/2023;T;72;6;31
22/4/2023;N;85;54;48
23/4/2023;T;75;40;91
23/4/2023;N;88;99;27
24/4/2023;T;15;14;77
24/4/2023;N;0;76;30
25/4/2023;T;28;53;95
25/4/2023;N;28;78;0
26/4/2023;T;0;7;37
26/4/2023;N;29;58;64
27/4/2023;T;85;33;13
27/4/2023;N;45;22;26
28/4/2023;T;24;72;37
28/4/2023;N;42;53;74
29/4/2023;T;84;42;14
29/4/2023;N;39;9;92
30/4/2023;T;99;94;75
30/4/2023;N;48;99;45
1/5/2023;T;12;84;63
1/5/2023;N;43;52;62
2/5/2023;T;56;52;5
2/5/2023;N;23;14;10
3/5/2023;T;85;12;39
3/5/2023;N;30;11;22
4/5/2023;T;80;93;74
4/5/2023;N;52;0;19
5/5/2023;T;81;62;55
5/5/2023;N;9;17;57
6/5/2023;T;97;76;27
6/5/2023;N;87;11;61
7/5/2023;T;18;59;56
7/5/2023;N;4;53;79
8/5/2023;T;14;58;89
8/5/2023;N;96;68;55
9/5/2023;T;61;22;33
9/5/2023;N;88;29;1
10/5/2023;T;46;65;82
10/5/2023;N;70;88;11
11/5/2023;T;80;60;83
11/5/2023;N;15;23;38
12/5/2023;T;95;56;33
12/5/2023;N;90;87;91
13/5/2023;T;32;85;83
13/5/2023;N;48;14;21
14/5/2023;T;59;11;10
14/5/2023;N;92;81;84
15/5/2023;T;93;11;85
15/5/2023;N;13;95;96
16/5/2023;T;22;65;36
16/5/2023;N;70;12;59
17/5/2023;T;32;67;87
17/5/2023;N;99;36;89
18/5/2023;T;72;89;60
18/5/2023;N;87;61;84
19/5/2023;T;30;40;14
19/5/2023;N;78;56;1
20/5/2023;T;58;52;26
20/5/2023;N;25;63;22
21/5/2023;T;80;25;19
21/5/2023;N;94;61;37
22/5/2023;T;50;85;75
22/5/2023;N;74;69;87
23/5/2023;T;47;75;46
23/5/2023;N;42;65;21
24/5/2023;T;53;35;80
24/5/2023;N;98;14;13
25/5/2023;T;25;26;69
25/5/2023;N;57;53;69
26/5/2023;T;3;52;19
26/5/2023;N;88;5;60
27/5/2023;T;57;23;6
27/5/2023;N;74;28;38
28/5/2023;T;62;54;81
28/5/2023;N;10;5;79
29/5/2023;T;56;45;65
29/5/2023;N;1;43;97
30/5/2023;T;64;75;86
30/5/2023;N;67;34;93
31/5/2023;T;17;65;19
31/5/2023;N;54;57;49
1/6/2023;T;15;21;4
1/6/2023;N;64;89;90
2/6/2023;T;96;25;39
2/6/2023;N;43;13;7
3/6/2023;T;38;69;55
3/6/2023;N;98;34;22
4/6/2023;T;98;31;25
4/6/2023;N;47;28;98
5/6/2023;T;42;11;50
5/6/2023;N;92;37;34
6/6/2023;T;10;39;3
6/6/2023;N;37;4;69
7/6/2023;T;68;71;67
7/6/2023;N;54;54;83
8/6/2023;T;7;72;45
8/6/2023;N;55;67;49
9/6/2023;T;95;6;13
9/6/2023;N;82;16;47
10/6/2023;T;68;92;81
10/6/2023;N;32;30;24
11/6/2023;T;26;77;15
11/6/2023;N;94;18;11
12/6/2023;T;67;99;64
12/6/2023;N;61;49;20
13/6/2023;T;81;21;56
13/6/2023;N;10;54;63
14/6/2023;T;35;91;10
14/6/2023;N;18;2;28
15/6/2023;T;97;60;98
15/6/2023;N;39;69;27
16/6/2023;T;1;90;36
16/6/2023;N;69;59;35
17/6/2023;T;58;4;13
17/6/2023;N;73;84;64
18/6/2023;T;22;98;74
18/6/2023;N;2;57;70
19/6/2023;T;24;37;31
19/6/2023;N;89;57;1
20/6/2023;T;4;88;11
20/6/2023;N;97;20;69
21/6/2023;T;33;66;41
21/6/2023;N;62;1;69
22/6/2023;T;20;17;10
22/6/2023;N;91;44;7
23/6/2023;T;28;64;67
23/6/2023;N;52;20;20
24/6/2023;T;26;65;24
24/6/2023;N;17;62;37
25/6/2023;T;62;98;28
25/6/2023;N;89;66;58
26/6/2023;T;34;70;52
26/6/2023;N;0;83;72
27/6/2023;T;36;48;44
27/6/2023;N;31;27;83
28/6/2023;T;11;27;28
28/6/2023;N;9;47;77
29/6/2023;T;5;19;91
29/6/2023;N;75;17;69
30/6/2023;T;5;65;22
30/6/2023;N;26;96;44
1/7/2023;T;28;49;61
1/7/2023;N;54;69;61
2/7/2023;T;52;72;36
2/7/2023;N;69;37;26
3/7/2023;T;63;40;85
3/7/2023;N;87;25;86
4/7/2023;T;70;54;80
4/7/2023;N;83;28;60
5/7/2023;T;35;45;44
5/7/2023;N;64;88;21
6/7/2023;T;20;25;55
6/7/2023;N;11;14;4
7/7/2023;T;34;14;98
7/7/2023;N;89;23;10
8/7/2023;T;95;54;0
8/7/2023;N;90;36;22
9/7/2023;T;13;87;68
9/7/2023;N;10;56;2
10/7/2023;T;37;15;46
10/7/2023;N;42;15;95
11/7/2023;T;1;32;57
11/7/2023;N;44;62;14
12/7/2023;T;89;61;97
12/7/2023;N;62;51;15
13/7/2023;T;94;50;54
13/7/2023;N;8;38;44
14/7/2023;T;95;76;62
14/7/2023;N;56;37;30
15/7/2023;T;79;17;16
15/7/2023;N;61;37;64
16/7/2023;T;62;83;48
16/7/2023;N;69;79;90
17/7/2023;T;31;17;66
17/7/2023;N;94;55;25
18/7/2023;T;45;8;28
18/7/2023;N;21;53;67
19/7/2023;T;49;85;69
19/7/2023;N;27;85;98
20/7/2023;T;95;87;28
20/7/2023;N;17;43;80
21/7/2023;T;28;35;65
21/7/2023;N;44;99;74
22/7/2023;T;35;8;49
22/7/2023;N;81;58;93
23/7/2023;T;53;71;85
23/7/2023;N;96;30;50
24/7/2023;T;61;61;93
24/7/2023;N;13;39;9
25/7/2023;T;24;66;67
25/7/2023;N;39;11;84
26/7/2023;T;26;11;63
26/7/2023;N;1;89;32
27/7/2023;T;97;6;33
27/7/2023;N;56;4;22
28/7/2023;T;95;35;69
28/7/2023;N;22;42;11
29/7/2023;T;82;43;18
29/7/2023;N;46;80;3
30/7/2023;T;22;49;73
30/7/2023;N;28;86;2
31/7/2023;T;14;24;99
31/7/2023;N;21;74;84
1/8/2023;T;63;53;45
1/8/2023;N;99;8;78
2/8/2023;T;8;16;29
2/8/2023;N;96;99;9
3/8/2023;T;50;85;91
3/8/2023;N;36;46;65
4/8/2023;T;4;3;34
4/8/2023;N;40;24;78
5/8/2023;T;22;24;92
5/8/2023;N;70;61;75
6/8/2023;T;55;81;83
6/8/2023;N;83;5;40
7/8/2023;T;66;40;95
7/8/2023;N;27;95;78
8/8/2023;T;89;83;96
8/8/2023;N;63;92;6
9/8/2023;T;35;36;1
9/8/2023;N;54;66;43
10/8/2023;T;8;39;19
10/8/2023;N;10;28;18
11/8/2023;T;0;7;8
11/8/2023;N;17;35;40
12/8/2023;T;8;80;31
12/8/2023;N;82;14;73
13/8/2023;T;81;69;89
13/8/2023;N;62;69;74
14/8/2023;T;93;33;60
14/8/2023;N;93;6;47
15/8/2023;T;63;37;26
15/8/2023;N;33;30;42
16/8/2023;T;38;29;5
16/8/2023;N;67;47;20
17/8/2023;T;64;21;71
17/8/2023;N;56;78;93
18/8/2023;T;66;56;39
18/8/2023;N;98;99;37
19/8/2023;T;2;0;40
19/8/2023;N;63;73;82
20/8/2023;T;4;11;57
20/8/2023;N;41;1;46
21/8/2023;T;91;18;59
21/8/2023;N;60;35;4
22/8/2023;T;6;60;73
22/8/2023;N;9;2;46
23/8/2023;T;38;53;90
23/8/2023;N;19;0;89
24/8/2023;T;20;75;50
24/8/2023;N;9;72;63
25/8/2023;T;71;46;93
25/8/2023;N;64;81;53
26/8/2023;T;35;6;9
26/8/2023;N;45;76;35
27/8/2023;T;54;23;0
27/8/2023;N;2;53;88
28/8/2023;T;29;57;72
28/8/2023;N;61;16;47
29/8/2023;T;12;50;0
29/8/2023;N;51;35;40
30/8/2023;T;69;0;68
30/8/2023;N;88;98;64
31/8/2023;T;82;60;25
31/8/2023;N;81;8;94
1/9/2023;T;14;80;78
1/9/2023;N;97;63;1
2/9/2023;T;77;96;36
2/9/2023;N;52;53;16
3/9/2023;T;40;90;87
3/9/2023;N;63;81;68
4/9/2023;T;34;79;18
4/9/2023;N;2;67;41
5/9/2023;T;11;62;58
5/9/2023;N;27;25;22
6/9/2023;T;41;45;40
6/9/2023;N;16;99;76
7/9/2023;T;81;63;93
7/9/2023;N;2;18;86
8/9/2023;T;86;37;18
8/9/2023;N;55;51;23
9/9/2023;T;92;89;43
9/9/2023;N;61;45;15
10/9/2023;T;31;57;83
10/9/2023;N;51;11;79
11/9/2023;T;74;27;61
11/9/2023;N;52;23;69
12/9/2023;T;25;99;32
12/9/2023;N;34;33;94
13/9/2023;T;64;27;22
13/9/2023;N;60;19;71
14/9/2023;T;37;88;67
14/9/2023;N;4;46;80
15/9/2023;T;36;7;65
15/9/2023;N;70;12;26
16/9/2023;T;5;96;37
16/9/2023;N;82;15;15
17/9/2023;T;31;9;43
17/9/2023;N;4;48;95
18/9/2023;T;16;35;77
18/9/2023;N;32;13;43
19/9/2023;T;56;57;37
19/9/2023;N;15;13;38
20/9/2023;T;79;47;33
20/9/2023;N;12;41;57
21/9/2023;T;51;53;66
21/9/2023;N;40;42;29
22/9/2023;T;48;83;2
22/9/2023;N;57;7;39
23/9/2023;T;51;9;88
23/9/2023;N;10;35;49
24/9/2023;T;75;83;6
24/9/2023;N;15;98;23
25/9/2023;T;15;32;87
25/9/2023;N;58;51;37
26/9/2023;T;97;39;19
26/9/2023;N;96;1;43
27/9/2023;T;73;49;72
27/9/2023;N;7;47;29
28/9/2023;T;55;12;90
28/9/2023;N;26;63;19
29/9/2023;T;21;54;50
29/9/2023;N;26;84;92
30/9/2023;T;96;31;92
30/9/2023;N;73;92;49
1/10/2023;T;85;16;0
1/10/2023;N;35;75;42
2/10/2023;T;23;71;85
2/10/2023;N;28;49;74
3/10/2023;T;94;9;8
3/10/2023;N;16;58;26
4/10/2023;T;42;29;62
4/10/2023;N;16;10;67
5/10/2023;T;0;55;95
5/10/2023;N;96;6;95
6/10/2023;T;53;96;37
6/10/2023;N;4;96;56
7/10/2023;T;65;10;55
7/10/2023;N;32;53;43
8/10/2023;T;58;8;20
8/10/2023;N;68;9;94
9/10/2023;T;49;87;1
9/10/2023;N;70;58;74
10/10/2023;T;9;56;65
10/10/2023;N;4;84;24
11/10/2023;T;45;83;90
11/10/2023;N;49;54;67
12/10/2023;T;90;68;51
12/10/2023;N;20;38;92
13/10/2023;T;28;85;24
13/10/2023;N;77;70;26
14/10/2023;T;49;94;0
14/10/2023;N;39;12;17
15/10/2023;T;41;21;30
15/10/2023;N;25;13;60
16/10/2023;T;49;34;22
16/10/2023;N;65;81;70
17/10/2023;T;31;12;47
17/10/2023;N;85;81;19
18/10/2023;T;30;95;79
18/10/2023;N;60;40;45
19/10/2023;T;87;99;57
19/10/2023;N;41;19;29
20/10/2023;T;33;68;8
20/10/2023;N;67;80;32
21/10/2023;T;5;83;27
21/10/2023;N;69;3;34
22/10/2023;T;7;16;33
22/10/2023;N;44;1;42
23/10/2023;T;58;56;25
23/10/2023;N;6;84;28
24/10/2023;T;26;57;23
24/10/2023;N;81;12;94
25/10/2023;T;19;18;49
25/10/2023;N;42;63;80
26/10/2023;T;96;26;41
26/10/2023;N;78;84;25
27/10/2023;T;58;66;48
27/10/2023;N;93;19;83
28/10/2023;T;38;61;55
28/10/2023;N;80;9;6
29/10/2023;T;68;89;20
29/10/2023;N;38;45;54
30/10/2023;T;83;95;51
30/10/2023;N;92;9;12
31/10/2023;T;17;45;59
31/10/2023;N;72;36;93
1/11/2023;T;1;10;0
1/11/2023;N;48;67;89
2/11/2023;T;60;59;17
2/11/2023;N;10;75;49
3/11/2023;T;50;57;84
3/11/2023;N;95;70;78
4/11/2023;T;4;11;58
4/11/2023;N;88;78;68
5/11/2023;T;20;56;6
5/11/2023;N;95;26;86
6/11/2023;T;18;45;24
6/11/2023;N;60;33;37
7/11/2023;T;88;98;87
7/11/2023;N;65;14;18
8/11/2023;T;21;68;49
8/11/2023;N;43;78;88
9/11/2023;T;72;98;21
9/11/2023;N;21;86;78
10/11/2023;T;99;94;80
10/11/2023;N;6;22;60
11/11/2023;T;68;95;48
11/11/2023;N;48;96;69
12/11/2023;T;58;64;6
12/11/2023;N;87;85;83
13/11/2023;T;38;22;0
13/11/2023;N;99;46;74
14/11/2023;T;72;55;8
14/11/2023;N;91;65;58
15/11/2023;T;52;62;80
15/11/2023;N;80;41;5
16/11/2023;T;70;34;13
16/11/2023;N;94;29;33
17/11/2023;T;86;97;20
17/11/2023;N;91;96;12
18/11/2023;T;25;98;14
18/11/2023;N;37;74;93
19/11/2023;T;45;38;1
19/11/2023;N;19;93;13
20/11/2023;T;57;40;75
20/11/2023;N;56;15;7
21/11/2023;T;82;69;80
21/11/2023;N;9;8;56
22/11/2023;T;28;36;53
22/11/2023;N;33;26;80
23/11/2023;T;93;43;77
23/11/2023;N;37;63;29
24/11/2023;T;78;38;37
24/11/2023;N;51;90;5
25/11/2023;T;42;0;18
25/11/2023;N;53;44;90
26/11/2023;T;11;30;12
26/11/2023;N;28;23;96
27/11/2023;T;17;20;87
27/11/2023;N;66;44;58
28/11/2023;T;91;19;3
28/11/2023;N;83;14;52
29/11/2023;T;42;25;9
29/11/2023;N;19;90;58
30/11/2023;T;83;5;6
30/11/2023;N;36;10;91
1/12/2023;T;28;54;89
1/12/2023;N;74;22;12
2/12/2023;T;35;47;7
2/12/2023;N;68;36;36
3/12/2023;T;38;65;27
3/12/2023;N;91;48;82
4/12/2023;T;46;18;1
4/12/2023;N;3;5;74
5/12/2023;T;78;86;72
5/12/2023;N;81;44;83
6/12/2023;T;19;12;83
6/12/2023;N;25;94;7
7/12/2023;T;72;37;74
7/12/2023;N;68;55;34
8/12/2023;T;10;99;29
8/12/2023;N;65;45;53
9/12/2023;T;80;48;57
9/12/2023;N;35;65;94
10/12/2023;T;19;2;98
10/12/2023;N;69;39;61
11/12/2023;T;74;26;32
11/12/2023;N;8;71;33
12/12/2023;T;20;37;45
12/12/2023;N;25;48;53
13/12/2023;T;54;25;26
13/12/2023;N;90;50;92
14/12/2023;T;55;27;69
14/12/2023;N;61;24;18
15/12/2023;T;27;76;53
15/12/2023;N;11;16;89
16/12/2023;T;99;21;35
16/12/2023;N;79;32;92
17/12/2023;T;96;82;71
17/12/2023;N;96;44;50
18/12/2023;T;91;32;48
18/12/2023;N;67;22;6
19/12/2023;T;29;23;34
19/12/2023;N;22;21;89
20/12/2023;T;2;62;51
20/12/2023;N;76;72;82
21/12/2023;T;20;9;63
21/12/2023;N;67;72;23
22/12/2023;T;89;23;61
22/12/2023;N;87;97;60
23/12/2023;T;91;54;62
23/12/2023;N;5;50;55
24/12/2023;T;64;1;26
24/12/2023;N;99;12;18
25/12/2023;T;70;56;24
25/12/2023;N;44;48;47
26/12/2023;T;55;79;55
26/12/2023;N;10;18;1
27/12/2023;T;79;66;71
27/12/2023;N;71;76;8
28/12/2023;T;28;11;0
28/12/2023;N;4;29;25
29/12/2023;T;51;92;21
29/12/2023;N;61;26;2
30/12/2023;T;23;2;83
30/12/2023;N;16;29;39
31/12/2023;T;36;22;89
31/12/2023;N;2;27;76
1/1/2024;T;91;92;22
1/1/2024;N;38;97;55
2/1/2024;T;56;50;86
2/1/2024;N;84;23;1
3/1/2024;T;63;94;22
3/1/2024;N;85;72;71
4/1/2024;T;23;87;18
4/1/2024;N;66;96;83
5/1/2024;T;53;73;11
5/1/2024;N;99;97;10
6/1/2024;T;85;46;49
6/1/2024;N;36;39;68
7/1/2024;T;72;82;64
7/1/2024;N;54;32;36
8/1/2024;T;1;80;62
8/1/2024;N;92;71;61
9/1/2024;T;76;70;71
9/1/2024;N;66;95;0
10/1/2024;T;69;5;15
10/1/2024;N;6;83;22
11/1/2024;T;21;76;22
11/1/2024;N;31;47;39
12/1/2024;T;49;10;95
12/1/2024;N;80;0;31
13/1/2024;T;36;58;74
13/1/2024;N;3;58;96
14/1/2024;T;87;95;17
14/1/2024;N;76;75;99
15/1/2024;T;77;14;74
15/1/2024;N;11;97;37
16/1/2024;T;14;85;69
16/1/2024;N;51;51;10
17/1/2024;T;99;65;31
17/1/2024;N;58;5;18
18/1/2024;T;70;67;59
18/1/2024;N;97;83;91
19/1/2024;T;26;24;36
19/1/2024;N;43;31;53
20/1/2024;T;72;51;84
20/1/2024;N;24;44;17
21/1/2024;T;28;92;98
21/1/2024;N;40;65;19
22/1/2024;T;42;60;96
22/1/2024;N;18;50;27
23/1/2024;T;99;66;87
23/1/2024;N;87;73;62
24/1/2024;T;88;58;70
24/1/2024;N;95;74;51
25/1/2024;T;2;61;33
25/1/2024;N;78;84;72
26/1/2024;T;93;25;69
26/1/2024;N;58;56;14
27/1/2024;T;35;75;3
27/1/2024;N;92;38;11
28/1/2024;T;7;9;44
28/1/2024;N;20;65;73
29/1/2024;T;78;97;54
29/1/2024;N;48;22;54
30/1/2024;T;74;24;8
30/1/2024;N;41;60;74
31/1/2024;T;13;37;86
31/1/2024;N;39;13;37
1/2/2024;T;69;29;24
1/2/2024;N;87;34;82
2/2/2024;T;95;99;4
2/2/2024;N;66;92;47
3/2/2024;T;78;87;81
3/2/2024;N;27;30;96
4/2/2024;T;21;61;39
4/2/2024;N;93;37;30
5/2/2024;T;79;75;20
5/2/2024;N;43;40;53
6/2/2024;T;17;89;90
6/2/2024;N;25;35;71
7/2/2024;T;86;38;40
7/2/2024;N;11;2;97
8/2/2024;T;83;47;83
8/2/2024;N;97;49;18
9/2/2024;T;90;25;95
9/2/2024;N;50;38;10
10/2/2024;T;62;83;76
10/2/2024;N;85;87;90
11/2/2024;T;23;94;4
11/2/2024;N;12;20;7
12/2/2024;T;20;66;34
12/2/2024;N;69;92;6
13/2/2024;T;68;3;19
13/2/2024;N;90;4;11
14/2/2024;T;86;77;29
14/2/2024;N;76;29;3
15/2/2024;T;87;69;29
15/2/2024;N;73;29;32
16/2/2024;T;63;23;50
16/2/2024;N;17;31;12
17/2/2024;T;72;36;73
17/2/2024;N;62;35;96
18/2/2024;T;23;40;32
18/2/2024;N;26;71;85
19/2/2024;T;85;94;23
19/2/2024;N;0;12;4
20/2/2024;T;20;86;68
20/2/2024;N;30;72;34
21/2/2024;T;19;41;26
21/2/2024;N;64;76;88
22/2/2024;T;11;29;19
22/2/2024;N;67;10;91
23/2/2024;T;86;71;15
23/2/2024;N;49;64;24
24/2/2024;T;13;32;49
24/2/2024;N;54;26;21
25/2/2024;T;62;24;42
25/2/2024;N;18;17;9
26/2/2024;T;67;72;12
26/2/2024;N;24;11;56
27/2/2024;T;30;36;17
27/2/2024;N;28;22;83
28/2/2024;T;57;69;99
28/2/2024;N;48;67;92
29/2/2024;T;61;48;50
29/2/2024;N;82;74;34
1/3/2024;T;70;68;29
1/3/2024;N;21;62;95
2/3/2024;T;18;24;4
2/3/2024;N;96;17;71
3/3/2024;T;82;98;50
3/3/2024;N;73;61;49
4/3/2024;T;54;9;80
4/3/2024;N;6;84;55
5/3/2024;T;79;91;22
5/3/2024;N;32;78;12
6/3/2024;T;20;88;86
6/3/2024;N;50;13;69
7/3/2024;T;25;75;20
7/3/2024;N;64;95;79
8/3/2024;T;42;11;16
8/3/2024;N;32;40;89
9/3/2024;T;18;72;49
9/3/2024;N;88;11;49
10/3/2024;T;83;24;15
10/3/2024;N;22;63;92
11/3/2024;T;60;61;6
11/3/2024;N;26;20;93
12/3/2024;T;82;74;19
12/3/2024;N;21;20;7
13/3/2024;T;24;52;57
13/3/2024;N;11;16;38
14/3/2024;T;61;50;28
14/3/2024;N;56;86;74
15/3/2024;T;52;63;5
15/3/2024;N;61;51;49
16/3/2024;T;6;98;93
16/3/2024;N;58;66;86
17/3/2024;T;15;68;51
17/3/2024;N;1;81;30
18/3/2024;T;72;68;33
18/3/2024;N;65;84;33
19/3/2024;T;29;22;14
19/3/2024;N;76;56;6
20/3/2024;T;0;39;81
20/3/2024;N;7;97;41
21/3/2024;T;81;7;89
21/3/2024;N;75;41;85
22/3/2024;T;1;71;18
22/3/2024;N;62;2;27
23/3/2024;T;13;17;84
23/3/2024;N;96;45;64
24/3/2024;T;34;56;82
24/3/2024;N;99;94;37
25/3/2024;T;65;69;84
25/3/2024;N;70;57;91
26/3/2024;T;6;29;97
26/3/2024;N;94;11;20
27/3/2024;T;80;20;18
27/3/2024;N;22;74;73
28/3/2024;T;8;11;87
28/3/2024;N;17;74;43
29/3/2024;T;50;94;11
29/3/2024;N;11;58;43
30/3/2024;T;39;72;92
30/3/2024;N;40;22;20
31/3/2024;T;88;79;76
31/3/2024;N;81;69;32
1/4/2024;T;57;31;10
1/4/2024;N;54;96;40
2/4/2024;T;36;81;62
2/4/2024;N;54;97;84
3/4/2024;T;70;36;90
3/4/2024;N;50;48;39
4/4/2024;T;5;5;9
4/4/2024;N;54;51;75
5/4/2024;T;86;23;23
5/4/2024;N;35;41;32
6/4/2024;T;79;26;27
6/4/2024;N;40;54;36
7/4/2024;T;44;69;12
7/4/2024;N;9;32;88
8/4/2024;T;43;69;18
8/4/2024;N;33;36;97
9/4/2024;T;35;18;15
9/4/2024;N;54;67;87
10/4/2024;T;84;49;30
10/4/2024;N;95;35;39
11/4/2024;T;25;49;33
11/4/2024;N;54;23;63
12/4/2024;T;51;42;95
12/4/2024;N;22;11;73
13/4/2024;T;73;37;55
13/4/2024;N;67;55;27
14/4/2024;T;1;25;0
14/4/2024;N;69;19;7
15/4/2024;T;0;18;65
15/4/2024;N;43;95;57
16/4/2024;T;11;85;22
16/4/2024;N;54;61;17
17/4/2024;T;97;49;6
17/4/2024;N;59;79;98
18/4/2024;T;33;7;1
18/4/2024;N;61;42;74
19/4/2024;T;70;21;89
19/4/2024;N;20;17;90
20/4/2024;T;80;73;66
20/4/2024;N;3;54;4
21/4/2024;T;36;50;58
21/4/2024;N;46;27;7
22/4/2024;T;11;42;51
22/4/2024;N;10;75;54
23/4/2024;T;12;1;20
23/4/2024;N;93;5;74
24/4/2024;T;1;79;58
24/4/2024;N;93;25;76
25/4/2024;T;39;55;10
25/4/2024;N;73;40;28
26/4/2024;T;81;23;11
26/4/2024;N;77;70;64
27/4/2024;T;57;61;74
27/4/2024;N;56;54;84
28/4/2024;T;34;87;55
28/4/2024;N;97;41;70
29/4/2024;T;33;21;41
29/4/2024;N;54;71;14
30/4/2024;T;6;81;51
30/4/2024;N;5;32;87
1/5/2024;T;99;44;39
1/5/2024;N;36;98;15
2/5/2024;T;1;31;25
2/5/2024;N;68;77;42
3/5/2024;T;78;25;56
3/5/2024;N;50;17;30
4/5/2024;T;31;37;29
4/5/2024;N;68;77;95
5/5/2024;T;19;3;56
5/5/2024;N;41;25;77
6/5/2024;T;55;21;7
6/5/2024;N;30;37;45
7/5/2024;T;35;13;62
7/5/2024;N;31;95;95
8/5/2024;T;60;28;7
8/5/2024;N;83;11;17
9/5/2024;T;7;84;46
9/5/2024;N;73;43;71
10/5/2024;T;15;16;64
10/5/2024;N;95;35;39
11/5/2024;T;32;65;1
11/5/2024;N;82;5;3
12/5/2024;T;3;39;82
12/5/2024;N;95;82;62
13/5/2024;T;74;9;67
13/5/2024;N;34;98;71
14/5/2024;T;58;97;49
14/5/2024;N;88;67;35
15/5/2024;T;93;56;53
15/5/2024;N;38;7;33
16/5/2024;T;14;6;18
16/5/2024;N;91;60;79
17/5/2024;T;22;21;92
17/5/2024;N;58;6;4
18/5/2024;T;25;28;27
18/5/2024;N;6;35;86
19/5/2024;T;10;70;36
19/5/2024;N;4;19;64
20/5/2024;T;79;32;71
20/5/2024;N;30;37;0
21/5/2024;T;1;48;27
21/5/2024;N;38;56;21
22/5/2024;T;53;89;43
22/5/2024;N;13;35;9
23/5/2024;T;85;62;29
23/5/2024;N;92;22;63
24/5/2024;T;93;16;28
24/5/2024;N;10;82;6
25/5/2024;T;52;20;68
25/5/2024;N;16;67;26
26/5/2024;T;39;45;28
26/5/2024;N;28;12;9
27/5/2024;T;81;74;78
27/5/2024;N;73;33;26
28/5/2024;T;13;53;35
28/5/2024;N;62;20;28
29/5/2024;T;22;96;10
29/5/2024;N;19;26;27
30/5/2024;T;43;23;25
30/5/2024;N;46;64;21
31/5/2024;T;83;23;60
31/5/2024;N;28;36;34
1/6/2024;T;56;73;88
1/6/2024;N;62;88;36
2/6/2024;T;83;14;20
2/6/2024;N;41;10;86
3/6/2024;T;75;14;3
3/6/2024;N;75;1;7
4/6/2024;T;98;52;53
4/6/2024;N;51;80;19
5/6/2024;T;0;43;59
5/6/2024;N;63;40;62
6/6/2024;T;83;83;66
6/6/2024;N;30;64;29
7/6/2024;T;24;7;61
7/6/2024;N;55;57;71
8/6/2024;T;12;31;3
8/6/2024;N;54;30;86
9/6/2024;T;79;81;86
9/6/2024;N;71;31;46
10/6/2024;T;36;35;65
10/6/2024;N;60;67;18
11/6/2024;T;22;81;67
11/6/2024;N;40;46;18
12/6/2024;T;71;10;26
12/6/2024;N;81;29;73
13/6/2024;T;44;14;82
13/6/2024;N;28;98;73
14/6/2024;T;95;56;60
14/6/2024;N;54;21;20
15/6/2024;T;19;79;63
15/6/2024;N;35;22;57
16/6/2024;T;62;47;43
16/6/2024;N;31;86;12
17/6/2024;T;13;23;60
17/6/2024;N;87;95;61
18/6/2024;T;41;70;36
18/6/2024;N;8;79;8
19/6/2024;T;71;49;0
19/6/2024;N;67;67;95
20/6/2024;T;48;76;25
20/6/2024;N;31;3;75
21/6/2024;T;26;88;17
21/6/2024;N;50;13;89
22/6/2024;T;31;79;70
22/6/2024;N;65;10;55
23/6/2024;T;55;33;85
23/6/2024;N;93;1;59
24/6/2024;T;44;96;57
24/6/2024;N;83;78;32
25/6/2024;T;15;25;82
25/6/2024;N;92;23;9
26/6/2024;T;24;14;90
26/6/2024;N;66;34;77
27/6/2024;T;80;10;87
27/6/2024;N;4;77;88
28/6/2024;T;34;89;46
28/6/2024;N;64;73;3
29/6/2024;T;20;90;95
29/6/2024;N;15;35;73
30/6/2024;T;80;86;21
30/6/2024;N;2;24;44
1/7/2024;T;26;19;33
1/7/2024;N;33;19;3
2/7/2024;T;87;84;57
2/7/2024;N;14;24;69
3/7/2024;T;2;57;1
3/7/2024;N;68;61;40
4/7/2024;T;3;62;16
4/7/2024;N;17;13;78
5/7/2024;T;57;31;9
5/7/2024;N;61;17;61
6/7/2024;T;76;53;88
6/7/2024;N;41;30;35
7/7/2024;T;63;56;86
7/7/2024;N;78;61;83
8/7/2024;T;85;64;31
8/7/2024;N;59;42;1
9/7/2024;T;68;72;96
9/7/2024;N;73;81;57
10/7/2024;T;21;73;99
10/7/2024;N;16;67;20
11/7/2024;T;86;61;61
11/7/2024;N;56;47;25
12/7/2024;T;22;74;93
12/7/2024;N;77;12;1
13/7/2024;T;43;79;54
13/7/2024;N;56;68;16
14/7/2024;T;60;10;2
14/7/2024;N;20;66;48
15/7/2024;T;37;48;92
15/7/2024;N;19;94;70
16/7/2024;T;69;65;8
16/7/2024;N;77;91;60
17/7/2024;T;64;3;71
17/7/2024;N;91;91;48
18/7/2024;T;29;67;52
18/7/2024;N;71;24;86
19/7/2024;T;73;77;79
19/7/2024;N;23;85;98
20/7/2024;T;70;68;6
20/7/2024;N;47;3;74
21/7/2024;T;83;64;15
21/7/2024;N;97;98;48
22/7/2024;T;32;46;93
22/7/2024;N;78;26;28
23/7/2024;T;36;64;75
23/7/2024;N;85;11;49
24/7/2024;T;85;97;33
24/7/2024;N;35;5;12
25/7/2024;T;0;44;73
25/7/2024;N;80;99;89
26/7/2024;T;16;25;85
26/7/2024;N;62;61;33
27/7/2024;T;96;70;92
27/7/2024;N;84;55;55
28/7/2024;T;92;86;13
28/7/2024;N;86;81;83
29/7/2024;T;5;94;90
29/7/2024;N;53;11;13
30/7/2024;T;47;42;78
30/7/2024;N;49;10;4
31/7/2024;T;14;63;26
31/7/2024;N;16;95;82
1/8/2024;T;3;71;26
1/8/2024;N;33;71;56
2/8/2024;T;74;86;33
2/8/2024;N;26;95;16
3/8/2024;T;47;62;63
3/8/2024;N;83;37;45
4/8/2024;T;12;70;8
4/8/2024;N;41;28;75
5/8/2024;T;3;55;61
5/8/2024;N;10;43;96
6/8/2024;T;42;6;7
6/8/2024;N;30;94;0
7/8/2024;T;21;68;5
7/8/2024;N;12;3;21
8/8/2024;T;55;37;58
8/8/2024;N;25;73;52
9/8/2024;T;73;0;1
9/8/2024;N;22;20;46
10/8/2024;T;95;97;11
10/8/2024;N;63;60;97
11/8/2024;T;95;10;20
11/8/2024;N;78;47;64
12/8/2024;T;37;58;81
12/8/2024;N;18;24;35
13/8/2024;T;90;31;19
13/8/2024;N;58;62;35
14/8/2024;T;48;66;38
14/8/2024;N;53;4;55
15/8/2024;T;18;34;55
15/8/2024;N;10;21;52
16/8/2024;T;45;34;70
16/8/2024;N;67;44;6
17/8/2024;T;47;39;69
17/8/2024;N;91;63;71
18/8/2024;T;18;69;8
18/8/2024;N;51;15;69
19/8/2024;T;42;52;20
19/8/2024;N;54;61;74
20/8/2024;T;11;5;97
20/8/2024;N;19;11;2
21/8/2024;T;47;51;81
21/8/2024;N;81;86;92
22/8/2024;T;41;82;59
22/8/2024;N;31;68;68
23/8/2024;T;70;42;7
23/8/2024;N;84;28;86
24/8/2024;T;28;35;24
24/8/2024;N;90;33;30
25/8/2024;T;8;47;5
25/8/2024;N;59;55;85
26/8/2024;T;29;33;59
26/8/2024;N;13;0;56
27/8/2024;T;22;23;65
27/8/2024;N;93;5;7
28/8/2024;T;62;24;8
28/8/2024;N;69;67;85
29/8/2024;T;4;76;95
29/8/2024;N;13;83;4
30/8/2024;T;51;34;29
30/8/2024;N;77;66;63
31/8/2024;T;39;49;85
31/8/2024;N;85;13;56
1/9/2024;T;79;19;14
1/9/2024;N;20;71;79
2/9/2024;T;29;13;86
2/9/2024;N;60;77;59
3/9/2024;T;62;26;95
3/9/2024;N;44;21;29
4/9/2024;T;10;80;39
4/9/2024;N;55;72;67
5/9/2024;T;50;38;75
5/9/2024;N;92;23;88
6/9/2024;T;93;91;89
6/9/2024;N;31;47;67
7/9/2024;T;28;62;82
7/9/2024;N;10;87;94
8/9/2024;T;67;25;4
8/9/2024;N;57;81;49
9/9/2024;T;47;92;85
9/9/2024;N;14;2;40
10/9/2024;T;21;59;63
10/9/2024;N;52;99;52
11/9/2024;T;47;37;60
11/9/2024;N;2;0;27
12/9/2024;T;43;30;52
12/9/2024;N;41;23;97
13/9/2024;T;22;76;30
13/9/2024;N;38;66;41
14/9/2024;T;54;5;68
14/9/2024;N;89;39;59
15/9/2024;T;75;99;31
15/9/2024;N;8;65;85
16/9/2024;T;89;97;63
16/9/2024;N;5;94;35
17/9/2024;T;92;61;26
17/9/2024;N;61;98;60
18/9/2024;T;42;1;34
18/9/2024;N;1;61;29
19/9/2024;T;40;79;95
19/9/2024;N;74;17;42
20/9/2024;T;52;48;16
20/9/2024;N;96;36;95
21/9/2024;T;88;37;73
21/9/2024;N;0;86;30
22/9/2024;T;61;18;53
22/9/2024;N;21;78;39
23/9/2024;T;24;51;90
23/9/2024;N;26;27;40
24/9/2024;T;7;62;79
24/9/2024;N;96;99;7
25/9/2024;T;2;18;82
25/9/2024;N;62;90;91
26/9/2024;T;68;45;55
26/9/2024;N;23;20;16
27/9/2024;T;85;1;69
27/9/2024;N;96;69;62
28/9/2024;T;45;15;18
28/9/2024;N;45;66;43
29/9/2024;T;58;38;67
29/9/2024;N;48;15;28
30/9/2024;T;97;10;60
30/9/2024;N;40;47;30
1/10/2024;T;17;14;40
1/10/2024;N;44;47;52
2/10/2024;T;97;26;60
2/10/2024;N;16;89;50
3/10/2024;T;45;3;29
3/10/2024;N;62;90;82
4/10/2024;T;32;58;35
4/10/2024;N;87;89;68
5/10/2024;T;44;92;10
5/10/2024;N;96;39;73
6/10/2024;T;67;80;17
6/10/2024;N;92;79;35
7/10/2024;T;1;6;21
7/10/2024;N;54;41;2
8/10/2024;T;89;48;85
8/10/2024;N;30;55;36
9/10/2024;T;30;7;62
9/10/2024;N;35;46;46
10/10/2024;T;16;1;19
10/10/2024;N;10;41;54
11/10/2024;T;93;29;50
11/10/2024;N;32;50;76
12/10/2024;T;91;16;23
12/10/2024;N;5;33;58
13/10/2024;T;19;57;35
13/10/2024;N;82;32;94
14/10/2024;T;50;38;60
14/10/2024;N;36;36;97
15/10/2024;T;81;88;66
15/10/2024;N;11;82;87
16/10/2024;T;41;5;19
16/10/2024;N;50;72;92
17/10/2024;T;31;10;28
17/10/2024;N;29;77;83
18/10/2024;T;91;10;28
18/10/2024;N;76;20;8
19/10/2024;T;17;93;94
19/10/2024;N;72;51;83
20/10/2024;T;12;54;47
20/10/2024;N;97;13;93
21/10/2024;T;15;20;73
21/10/2024;N;64;2;93
22/10/2024;T;27;77;47
22/10/2024;N;18;45;14
23/10/2024;T;51;84;45
23/10/2024;N;82;64;72
24/10/2024;T;93;35;96
24/10/2024;N;72;44;39
25/10/2024;T;84;34;96
25/10/2024;N;32;9;65
26/10/2024;T;99;35;51
26/10/2024;N;93;85;91
27/10/2024;T;32;13;82
27/10/2024;N;88;20;29
28/10/2024;T;80;98;84
28/10/2024;N;33;75;54
29/10/2024;T;12;89;92
29/10/2024;N;68;42;27
30/10/2024;T;15;66;42
30/10/2024;N;42;24;35
31/10/2024;T;14;46;80
31/10/2024;N;45;31;68
1/11/2024;T;45;30;10
1/11/2024;N;59;2;50
2/11/2024;T;91;87;51
2/11/2024;N;95;44;53
3/11/2024;T;91;69;60
3/11/2024;N;76;83;89
4/11/2024;T;29;70;65
4/11/2024;N;61;32;83
5/11/2024;T;82;46;22
5/11/2024;N;95;91;70
6/11/2024;T;84;42;45
6/11/2024;N;2;29;39
7/11/2024;T;63;61;16
7/11/2024;N;86;74;33
8/11/2024;T;4;95;46
8/11/2024;N;21;36;58
9/11/2024;T;43;57;44
9/11/2024;N;53;12;35
10/11/2024;T;65;10;84
10/11/2024;N;77;82;50
11/11/2024;T;5;37;30
11/11/2024;N;32;8;64
12/11/2024;T;50;60;31
12/11/2024;N;31;79;39
13/11/2024;T;95;15;59
13/11/2024;N;56;40;81
14/11/2024;T;0;88;91
14/11/2024;N;71;31;33
15/11/2024;T;67;78;62
15/11/2024;N;50;85;33
16/11/2024;T;98;88;9
16/11/2024;N;13;98;34
17/11/2024;T;9;17;24
17/11/2024;N;34;66;90
18/11/2024;T;15;28;57
18/11/2024;N;79;24;77
19/11/2024;T;99;97;94
19/11/2024;N;91;56;8
20/11/2024;T;21;27;84
20/11/2024;N;60;56;80
21/11/2024;T;66;66;92
21/11/2024;N;84;63;54
22/11/2024;T;33;76;82
22/11/2024;N;36;96;17
23/11/2024;T;75;12;66
23/11/2024;N;26;32;48
24/11/2024;T;15;70;25
24/11/2024;N;47;74;89
25/11/2024;T;15;50;40
25/11/2024;N;84;21;18
26/11/2024;T;23;87;14
26/11/2024;N;54;19;46
27/11/2024;T;12;57;31
27/11/2024;N;43;82;45
28/11/2024;T;18;59;60
28/11/2024;N;61;52;49
29/11/2024;T;28;27;98
29/11/2024;N;87;81;13
30/11/2024;T;94;6;28
30/11/2024;N;70;99;4
1/12/2024;T;18;42;85
1/12/2024;N;26;76;60
2/12/2024;T;35;63;63
2/12/2024;N;40;81;5
3/12/2024;T;53;67;71
3/12/2024;N;35;18;45
4/12/2024;T;6;65;23
4/12/2024;N;99;6;58
5/12/2024;T;40;38;86
5/12/2024;N;24;55;72
6/12/2024;T;80;58;44
6/12/2024;N;78;25;26
7/12/2024;T;69;10;68
7/12/2024;N;24;17;48
8/12/2024;T;30;46;17
8/12/2024;N;11;40;93
9/12/2024;T;80;94;21
9/12/2024;N;40;70;7
10/12/2024;T;65;82;58
10/12/2024;N;77;44;33
11/12/2024;T;21;79;23
11/12/2024;N;43;75;74
12/12/2024;T;99;96;21
12/12/2024;N;50;16;10
13/12/2024;T;43;88;39
13/12/2024;N;31;63;24
14/12/2024;T;47;62;63
14/12/2024;N;34;14;29
15/12/2024;T;97;83;45
15/12/2024;N;72;85;69
16/12/2024;T;93;61;68
16/12/2024;N;80;8;86
17/12/2024;T;90;58;8
17/12/2024;N;43;31;37
18/12/2024;T;0;20;48
18/12/2024;N;87;61;65
19/12/2024;T;68;1;13
19/12/2024;N;32;26;78
20/12/2024;T;38;40;34
20/12/2024;N;23;24;93
21/12/2024;T;74;82;38
21/12/2024;N;30;21;95
22/12/2024;T;75;16;92
22/12/2024;N;99;43;63
23/12/2024;T;73;23;20
23/12/2024;N;6;95;83
24/12/2024;T;0;5;92
24/12/2024;N;13;14;40
25/12/2024;T;27;10;0
25/12/2024;N;65;23;60
26/12/2024;T;68;62;21
26/12/2024;N;11;67;11
27/12/2024;T;39;38;38
27/12/2024;N;70;55;3
28/12/2024;T;75;83;45
28/12/2024;N;84;79;0
29/12/2024;T;38;36;32
29/12/2024;N;3;35;3
30/12/2024;T;89;42;58
30/12/2024;N;83;33;23
31/12/2024;T;19;96;6
31/12/2024;N;9;44;4
1/1/2025;T;21;85;70
1/1/2025;N;78;5;95
2/1/2025;T;34;89;84
2/1/2025;N;85;26;33
3/1/2025;T;7;5;14
3/1/2025;N;92;31;44
4/1/2025;T;77;83;12
4/1/2025;N;32;40;83
5/1/2025;T;86;84;94
5/1/2025;N;40;90;66
6/1/2025;T;72;30;4
6/1/2025;N;9;54;41
7/1/2025;T;53;87;20
7/1/2025;N;82;6;78
8/1/2025;T;44;38;9
8/1/2025;N;77;72;91
9/1/2025;T;98;82;92
9/1/2025;N;6;64;99
10/1/2025;T;28;46;3
10/1/2025;N;46;0;54
11/1/2025;T;54;86;10
11/1/2025;N;6;17;18
12/1/2025;T;65;54;16
12/1/2025;N;67;44;24
13/1/2025;T;99;89;74
13/1/2025;N;75;70;5
14/1/2025;T;32;97;26
14/1/2025;N;67;7;68
15/1/2025;T;85;53;17
15/1/2025;N;66;42;20
16/1/2025;T;32;5;13
16/1/2025;N;49;96;30
17/1/2025;T;3;58;15
17/1/2025;N;53;81;42
18/1/2025;T;81;28;10
18/1/2025;N;35;37;61
19/1/2025;T;34;1;11
19/1/2025;N;48;3;68
20/1/2025;T;93;7;15
20/1/2025;N;16;91;93
21/1/2025;T;86;50;62
21/1/2025;N;9;52;0
22/1/2025;T;8;52;41
22/1/2025;N;77;58;52
23/1/2025;T;15;80;31
23/1/2025;N;84;60;43
24/1/2025;T;25;0;10
24/1/2025;N;61;75;31
25/1/2025;T;4;53;56
25/1/2025;N;1;71;7
26/1/2025;T;38;94;14
26/1/2025;N;44;67;49
27/1/2025;T;44;69;38
27/1/2025;N;33;94;71
28/1/2025;T;75;43;96
28/1/2025;N;88;80;22
29/1/2025;T;87;80;95
29/1/2025;N;58;84;21
30/1/2025;T;30;64;84
30/1/2025;N;26;79;32
31/1/2025;T;98;0;44
31/1/2025;N;33;2;68
1/2/2025;T;13;11;34
1/2/2025;N;44;78;18
2/2/2025;T;10;87;3
2/2/2025;N;61;27;67
3/2/2025;T;22;71;22
3/2/2025;N;34;47;68
4/2/2025;T;1;49;50
4/2/2025;N;50;30;94
5/2/2025;T;36;70;43
5/2/2025;N;59;95;34
6/2/2025;T;79;21;79
6/2/2025;N;42;60;72
7/2/2025;T;60;57;56
7/2/2025;N;25;42;27
8/2/2025;T;72;96;56
8/2/2025;N;29;28;69
9/2/2025;T;56;44;96
9/2/2025;N;0;95;82
10/2/2025;T;10;64;34
10/2/2025;N;75;36;14
11/2/2025;T;35;70;25
11/2/2025;N;86;20;65
12/2/2025;T;35;76;15
12/2/2025;N;88;94;85
13/2/2025;T;24;93;73
13/2/2025;N;79;20;33
14/2/2025;T;54;20;84
14/2/2025;N;14;23;76
15/2/2025;T;44;34;20
15/2/2025;N;83;62;21
16/2/2025;T;97;3;17
16/2/2025;N;93;68;61
17/2/2025;T;13;49;7
17/2/2025;N;2;20;26
18/2/2025;T;15;57;43
18/2/2025;N;32;74;5
19/2/2025;T;14;67;10
19/2/2025;N;46;49;78
20/2/2025;T;85;50;98
20/2/2025;N;36;81;84
21/2/2025;T;66;13;74
21/2/2025;N;50;19;9
22/2/2025;T;2;43;77
22/2/2025;N;7;76;86
23/2/2025;T;84;39;4
23/2/2025;N;86;76;26
24/2/2025;T;39;3;90
24/2/2025;N;50;30;18
25/2/2025;T;23;74;52
25/2/2025;N;15;0;4
26/2/2025;T;81;75;60
26/2/2025;N;73;72;33
27/2/2025;T;95;81;91
27/2/2025;N;85;38;54
28/2/2025;T;5;44;75
28/2/2025;N;79;87;47
1/3/2025;T;24;53;11
1/3/2025;N;92;93;83
2/3/2025;T;90;23;82
2/3/2025;N;30;25;77
3/3/2025;T;90;80;71
3/3/2025;N;2;7;33
4/3/2025;T;64;62;69
4/3/2025;N;76;58;2
5/3/2025;T;11;54;8
5/3/2025;N;29;61;70
6/3/2025;T;13;90;38
6/3/2025;N;41;19;18
7/3/2025;T;18;24;37
7/3/2025;N;69;88;73
8/3/2025;T;22;0;24
8/3/2025;N;46;37;44
9/3/2025;T;73;98;46
9/3/2025;N;83;96;92
10/3/2025;T;71;28;42
10/3/2025;N;82;67;13
11/3/2025;T;73;73;14
11/3/2025;N;39;29;92
12/3/2025;T;59;0;60
12/3/2025;N;24;12;81
13/3/2025;T;93;5;44
13/3/2025;N;62;24;48
14/3/2025;T;89;71;35
14/3/2025;N;11;90;56
15/3/2025;T;56;85;32
15/3/2025;N;45;45;69
16/3/2025;T;43;66;2
16/3/2025;N;9;38;62
17/3/2025;T;32;68;24
17/3/2025;N;42;67;85
18/3/2025;T;79;18;74
18/3/2025;N;84;9;98
19/3/2025;T;45;69;77
19/3/2025;N;49;70;94
20/3/2025;T;81;34;89
20/3/2025;N;3;70;89
21/3/2025;T;13;83;82
21/3/2025;N;75;21;79
22/3/2025;T;89;14;46
22/3/2025;N;66;29;29
23/3/2025;T;78;27;89
23/3/2025;N;1;53;95
24/3/2025;T;52;61;14
24/3/2025;N;16;63;13
25/3/2025;T;78;54;22
25/3/2025;N;13;30;28
26/3/2025;T;65;39;58
26/3/2025;N;44;22;31
27/3/2025;T;15;65;58
27/3/2025;N;96;6;31
28/3/2025;T;75;21;87
28/3/2025;N;15;8;34
29/3/2025;T;2;64;71
29/3/2025;N;41;33;23
30/3/2025;T;67;40;67
30/3/2025;N;61;55;98
31/3/2025;T;97;85;98
31/3/2025;N;79;32;88
1/4/2025;T;94;95;54
1/4/2025;N;43;45;3
2/4/2025;T;66;33;25
2/4/2025;N;91;6;55
3/4/2025;T;29;30;16
3/4/2025;N;69;59;3
4/4/2025;T;27;76;4
4/4/2025;N;33;83;96
5/4/2025;T;78;90;94
5/4/2025;N;68;10;53
6/4/2025;T;90;38;77
6/4/2025;N;23;38;44
7/4/2025;T;35;80;35
7/4/2025;N;91;22;52
8/4/2025;T;25;91;22
8/4/2025;N;64;52;67
9/4/2025;T;51;49;34
9/4/2025;N;97;3;17
10/4/2025;T;65;15;61
10/4/2025;N;98;49;79
11/4/2025;T;10;95;63
11/4/2025;N;90;87;97
12/4/2025;T;27;58;80
12/4/2025;N;44;56;26
13/4/2025;T;5;45;4
13/4/2025;N;48;84;31
14/4/2025;T;1;26;72
14/4/2025;N;60;50;7
15/4/2025;T;53;16;40
15/4/2025;N;98;9;11
16/4/2025;T;54;11;15
16/4/2025;N;24;35;5
17/4/2025;T;38;37;98
17/4/2025;N;37;6;41
18/4/2025;T;67;45;90
18/4/2025;N;54;34;98
19/4/2025;T;38;28;84
19/4/2025;N;91;14;54
20/4/2025;T;57;95;25
20/4/2025;N;66;11;26
21/4/2025;T;99;97;69
21/4/2025;N;25;96;31
22/4/2025;T;21;88;52
22/4/2025;N;57;92;1
23/4/2025;T;3;82;94
23/4/2025;N;20;24;81
24/4/2025;T;24;67;43
24/4/2025;N;14;81;35
25/4/2025;T;14;10;10
25/4/2025;N;57;27;48
26/4/2025;T;37;21;98
26/4/2025;N;9;94;87
27/4/2025;T;78;31;92
27/4/2025;N;56;37;98
28/4/2025;T;21;42;85
28/4/2025;N;25;13;32
29/4/2025;T;43;9;53
29/4/2025;N;26;35;20
30/4/2025;T;11;71;15
30/4/2025;N;22;93;18
1/5/2025;T;56;95;44
1/5/2025;N;21;80;88
2/5/2025;T;53;44;65
2/5/2025;N;95;87;5
3/5/2025;T;48;99;66
3/5/2025;N;0;80;35
4/5/2025;T;84;45;11
4/5/2025;N;48;35;15
5/5/2025;T;59;92;30
5/5/2025;N;71;30;95
6/5/2025;T;42;99;76
6/5/2025;N;91;15;15
7/5/2025;T;3;68;57
7/5/2025;N;46;81;0
8/5/2025;T;61;11;32
8/5/2025;N;53;44;4
9/5/2025;T;2;80;59
9/5/2025;N;1;58;60
10/5/2025;T;33;8;20
10/5/2025;N;38;59;29
11/5/2025;T;41;38;99
11/5/2025;N;74;98;81
12/5/2025;T;55;74;4
12/5/2025;N;13;60;19
13/5/2025;T;38;41;37
13/5/2025;N;27;41;26
14/5/2025;T;48;86;66
14/5/2025;N;51;91;31
15/5/2025;T;9;41;80
15/5/2025;N;44;15;86
16/5/2025;T;6;51;97
16/5/2025;N;13;96;71
17/5/2025;T;78;73;29
17/5/2025;N;99;97;23
18/5/2025;T;74;14;4
18/5/2025;N;9;22;71
19/5/2025;T;6;33;8
19/5/2025;N;5;91;7
20/5/2025;T;63;81;37
20/5/2025;N;40;80;16
21/5/2025;T;73;45;72
21/5/2025;N;85;78;5
22/5/2025;T;60;68;38
22/5/2025;N;93;73;73
23/5/2025;T;79;22;57
23/5/2025;N;23;74;71
24/5/2025;T;5;36;0
24/5/2025;N;29;34;72
25/5/2025;T;84;63;98
25/5/2025;N;86;10;26
26/5/2025;T;73;6;66
26/5/2025;N;92;42;41
27/5/2025;T;95;74;97
27/5/2025;N;81;64;38
28/5/2025;T;25;97;7
28/5/2025;N;69;75;11
29/5/2025;T;83;97;85
29/5/2025;N;9;51;82
30/5/2025;T;55;2;6
30/5/2025;N;10;45;84
31/5/2025;T;2;62;44
31/5/2025;N;3;1;77
1/6/2025;T;31;36;28
1/6/2025;N;89;25;70
2/6/2025;T;26;37;42
2/6/2025;N;16;2;81
3/6/2025;T;90;58;24
3/6/2025;N;68;77;57
4/6/2025;T;52;7;20
4/6/2025;N;3;84;94
5/6/2025;T;53;21;39
5/6/2025;N;98;23;42
6/6/2025;T;89;64;51
6/6/2025;N;53;40;25
7/6/2025;T;55;21;64
7/6/2025;N;11;7;79
8/6/2025;T;83;46;93
8/6/2025;N;78;60;82
9/6/2025;T;72;4;66
9/6/2025;N;34;19;75
10/6/2025;T;26;12;15
10/6/2025;N;16;73;82
11/6/2025;T;5;58;82
11/6/2025;N;36;75;51
12/6/2025;T;51;86;93
12/6/2025;N;59;6;25
13/6/2025;T;49;50;45
13/6/2025;N;44;3;60
14/6/2025;T;28;3;20
14/6/2025;N;88;4;9
15/6/2025;T;44;94;54
15/6/2025;N;57;27;52
16/6/2025;T;97;82;22
16/6/2025;N;43;87;5
17/6/2025;T;72;83;64
17/6/2025;N;66;47;87
18/6/2025;T;1;28;99
18/6/2025;N;29;66;14
19/6/2025;T;55;80;93
19/6/2025;N;62;78;9
20/6/2025;T;33;92;40
20/6/2025;N;41;76;47
21/6/2025;T;27;71;2
21/6/2025;N;20;72;38
22/6/2025;T;30;92;58
22/6/2025;N;24;73;37
23/6/2025;T;65;77;14
23/6/2025;N;65;47;85
24/6/2025;T;33;99;84
24/6/2025;N;71;6;36
25/6/2025;T;10;43;5
25/6/2025;N;95;37;83
26/6/2025;T;0;81;66
26/6/2025;N;37;57;35
27/6/2025;T;98;1;78
27/6/2025;N;61;38;68
28/6/2025;T;94;71;29
28/6/2025;N;69;63;13
29/6/2025;T;65;31;72
29/6/2025;N;16;13;65
30/6/2025;T;65;14;89
30/6/2025;N;82;74;51
1/7/2025;T;58;46;37
1/7/2025;N;77;26;5
2/7/2025;T;8;77;76
2/7/2025;N;94;70;69
3/7/2025;T;14;31;75
3/7/2025;N;60;19;70
4/7/2025;T;20;27;52
4/7/2025;N;60;87;80
5/7/2025;T;85;93;0
5/7/2025;N;15;31;73
6/7/2025;T;87;12;92
6/7/2025;N;34;47;31
7/7/2025;T;64;40;12
7/7/2025;N;85;58;20
8/7/2025;T;40;20;13
8/7/2025;N;11;49;10
9/7/2025;T;29;85;34
9/7/2025;N;19;6;97
10/7/2025;T;27;93;77
10/7/2025;N;0;2;44
11/7/2025;T;87;39;58
11/7/2025;N;11;78;77
12/7/2025;T;28;10;18
12/7/2025;N;65;22;39
13/7/2025;T;32;24;38
13/7/2025;N;62;28;86
14/7/2025;T;30;32;91
14/7/2025;N;31;74;75
15/7/2025;T;86;39;25
15/7/2025;N;68;60;79
16/7/2025;T;35;5;71
16/7/2025;N;27;69;6
17/7/2025;T;43;95;67
17/7/2025;N;61;34;33
18/7/2025;T;37;92;55
18/7/2025;N;55;14;79
19/7/2025;T;83;15;8
19/7/2025;N;79;98;9
20/7/2025;T;55;3;97
20/7/2025;N;75;81;94
21/7/2025;T;98;90;90
21/7/2025;N;46;38;31
22/7/2025;T;1;41;46
22/7/2025;N;4;72;95
23/7/2025;T;36;24;36
23/7/2025;N;84;37;29
24/7/2025;T;42;40;39
24/7/2025;N;7;5;98
25/7/2025;T;31;87;73
25/7/2025;N;8;47;87
26/7/2025;T;47;54;58
26/7/2025;N;37;89;35
27/7/2025;T;81;78;9
27/7/2025;N;99;28;84
28/7/2025;T;14;14;21
28/7/2025;N;20;45;17
29/7/2025;T;61;49;37
29/7/2025;N;94;88;72
30/7/2025;T;23;25;91
30/7/2025;N;88;62;82
31/7/2025;T;93;54;14
31/7/2025;N;3;47;97
1/8/2025;T;17;62;69
1/8/2025;N;59;14;25
2/8/2025;T;10;87;95
2/8/2025;N;52;39;98
3/8/2025;T;94;34;55
3/8/2025;N;72;22;11
4/8/2025;T;29;23;66
4/8/2025;N;21;89;10
5/8/2025;T;83;54;11
5/8/2025;N;21;19;72
6/8/2025;T;62;69;19
6/8/2025;N;41;93;40
7/8/2025;T;90;14;14
7/8/2025;N;41;81;26
8/8/2025;T;36;23;7
8/8/2025;N;31;76;11
9/8/2025;T;46;2;64
9/8/2025;N;78;80;60
10/8/2025;T;41;22;68
10/8/2025;N;23;62;65
11/8/2025;T;10;36;81
11/8/2025;N;75;4;60
12/8/2025;T;55;52;74
12/8/2025;N;95;87;56
13/8/2025;T;90;39;16
13/8/2025;N;38;86;10
14/8/2025;T;48;13;18
14/8/2025;N;27;52;49
15/8/2025;T;72;87;87
15/8/2025;N;20;44;29
16/8/2025;T;0;95;44
16/8/2025;N;48;2;30
17/8/2025;T;96;25;92
17/8/2025;N;87;59;83
18/8/2025;T;39;58;85
18/8/2025;N;24;44;94
19/8/2025;T;85;7;38
19/8/2025;N;4;65;36
20/8/2025;T;6;44;82
20/8/2025;N;89;53;9
21/8/2025;T;48;91;73
21/8/2025;N;11;35;6
22/8/2025;T;12;15;67
22/8/2025;N;84;77;94
23/8/2025;T;3;0;39
23/8/2025;N;65;44;16
24/8/2025;T;50;40;75
24/8/2025;N;54;79;33
25/8/2025;T;16;35;60
25/8/2025;N;48;21;39
26/8/2025;T;70;25;54
26/8/2025;N;89;81;49
27/8/2025;T;56;0;91
27/8/2025;N;74;13;31
28/8/2025;T;88;53;28
28/8/2025;N;31;12;45
29/8/2025;T;36;86;48
29/8/2025;N;35;57;3
30/8/2025;T;98;20;69
30/8/2025;N;63;6;17
31/8/2025;T;25;85;28
31/8/2025;N;52;29;40
1/9/2025;T;69;30;92
1/9/2025;N;23;49;31
2/9/2025;T;22;69;58
2/9/2025;N;48;91;4
3/9/2025;T;12;52;28
3/9/2025;N;63;31;79
4/9/2025;T;72;81;10
4/9/2025;N;58;91;63
5/9/2025;T;43;13;56
5/9/2025;N;52;93;17
6/9/2025;T;39;59;86
6/9/2025;N;7;16;70
7/9/2025;T;98;51;84
7/9/2025;N;79;53;30
8/9/2025;T;81;49;21
8/9/2025;N;24;37;67
9/9/2025;T;13;30;38
9/9/2025;N;11;97;66
10/9/2025;T;61;44;3
10/9/2025;N;28;2;40
11/9/2025;T;56;26;94
11/9/2025;N;68;19;93
12/9/2025;T;23;12;45
12/9/2025;N;67;96;15
13/9/2025;T;59;56;12
13/9/2025;N;44;95;54
14/9/2025;T;75;78;52
14/9/2025;N;69;73;78
15/9/2025;T;24;83;34
15/9/2025;N;25;82;65
16/9/2025;T;9;61;93
16/9/2025;N;54;12;61
17/9/2025;T;59;22;92
17/9/2025;N;31;84;12
18/9/2025;T;47;84;50
18/9/2025;N;79;25;65
19/9/2025;T;21;57;53
19/9/2025;N;66;73;68
20/9/2025;T;91;99;94
20/9/2025;N;57;25;85
21/9/2025;T;79;47;50
21/9/2025;N;62;41;9
22/9/2025;T;96;97;13
22/9/2025;N;86;71;88
23/9/2025;T;67;16;78
23/9/2025;N;59;70;76
24/9/2025;T;78;74;66
24/9/2025;N;7;16;38
25/9/2025;T;9;53;80
25/9/2025;N;47;34;13
26/9/2025;T;30;15;10
26/9/2025;N;58;95;66
27/9/2025;T;36;27;47
27/9/2025;N;76;69;25
28/9/2025;T;53;55;96
28/9/2025;N;4;7;2
29/9/2025;T;33;95;98
29/9/2025;N;4;20;74
30/9/2025;T;22;90;98
30/9/2025;N;76;56;11
1/10/2025;T;12;49;11
1/10/2025;N;58;14;84
2/10/2025;T;70;8;22
2/10/2025;N;0;28;43
3/10/2025;T;82;99;78
3/10/2025;N;70;12;37
4/10/2025;T;89;4;51
4/10/2025;N;82;99;31
5/10/2025;T;99;51;75
5/10/2025;N;81;82;34
6/10/2025;T;56;61;19
6/10/2025;N;62;14;33
7/10/2025;T;73;35;41
7/10/2025;N;33;75;2
8/10/2025;T;35;4;49
8/10/2025;N;31;27;63
9/10/2025;T;61;53;9
9/10/2025;N;69;56;59
10/10/2025;T;89;14;57
10/10/2025;N;44;74;15
11/10/2025;T;44;12;47
11/10/2025;N;58;20;7
12/10/2025;T;89;64;53
12/10/2025;N;32;2;52
13/10/2025;T;23;68;77
13/10/2025;N;93;70;22
14/10/2025;T;89;24;26
14/10/2025;N;30;22;96
15/10/2025;T;13;24;39
15/10/2025;N;66;34;4
16/10/2025;T;0;82;87
16/10/2025;N;88;70;72
17/10/2025;T;19;5;66
17/10/2025;N;45;89;49
18/10/2025;T;58;6;57
18/10/2025;N;8;76;84
19/10/2025;T;64;20;80
19/10/2025;N;57;74;37
20/10/2025;T;84;59;75
20/10/2025;N;34;92;10
21/10/2025;T;86;27;89
21/10/2025;N;34;72;82
22/10/2025;T;74;41;0
22/10/2025;N;18;35;12
23/10/2025;T;47;32;25
23/10/2025;N;32;47;35
24/10/2025;T;99;0;7
24/10/2025;N;51;50;84
25/10/2025;T;75;65;11
25/10/2025;N;75;38;46
26/10/2025;T;2;71;93
26/10/2025;N;95;94;43
27/10/2025;T;21;77;49
27/10/2025;N;60;71;8
28/10/2025;T;33;65;6
28/10/2025;N;64;20;61
29/10/2025;T;65;30;88
29/10/2025;N;99;24;9
30/10/2025;T;24;15;76
30/10/2025;N;43;42;6
31/10/2025;T;11;86;96
31/10/2025;N;98;87;26
1/11/2025;T;26;40;4
1/11/2025;N;70;68;75
2/11/2025;T;34;33;69
2/11/2025;N;38;91;10
3/11/2025;T;81;57;60
3/11/2025;N;39;87;95
4/11/2025;T;89;75;21
4/11/2025;N;34;60;64
5/11/2025;T;86;61;37
5/11/2025;N;83;82;5
6/11/2025;T;48;64;76
6/11/2025;N;70;46;43
7/11/2025;T;58;65;98
7/11/2025;N;7;19;95
8/11/2025;T;86;39;60
8/11/2025;N;56;11;37
9/11/2025;T;90;75;1
9/11/2025;N;40;52;58
10/11/2025;T;66;11;23
10/11/2025;N;76;38;14
11/11/2025;T;60;36;26
11/11/2025;N;40;33;50
12/11/2025;T;57;80;55
12/11/2025;N;93;23;47
13/11/2025;T;10;36;90
13/11/2025;N;16;98;39
14/11/2025;T;67;20;33
14/11/2025;N;55;5;89
15/11/2025;T;83;99;28
15/11/2025;N;71;36;7
16/11/2025;T;86;4;31
16/11/2025;N;50;83;41
17/11/2025;T;37;90;73
17/11/2025;N;0;17;61
18/11/2025;T;13;53;2
18/11/2025;N;68;34;6
19/11/2025;T;7;9;83
19/11/2025;N;37;89;45
20/11/2025;T;85;73;26
20/11/2025;N;14;29;75
21/11/2025;T;72;51;12
21/11/2025;N;11;45;32
22/11/2025;T;28;37;76
22/11/2025;N;37;13;50
23/11/2025;T;20;86;24
23/11/2025;N;96;60;29
24/11/2025;T;65;6;57
24/11/2025;N;55;59;17
25/11/2025;T;78;4;45
25/11/2025;N;41;54;14
26/11/2025;T;3;66;72
26/11/2025;N;57;31;78
27/11/2025;T;9;15;35
27/11/2025;N;6;32;59
28/11/2025;T;7;51;99
28/11/2025;N;18;26;50
29/11/2025;T;64;89;6
29/11/2025;N;9;34;28
30/11/2025;T;24;88;10
30/11/2025;N;84;36;62
1/12/2025;T;88;28;5
1/12/2025;N;28;67;20
2/12/2025;T;2;57;72
2/12/2025;N;36;33;36
3/12/2025;T;34;13;56
3/12/2025;N;2;26;81
4/12/2025;T;21;32;86
4/12/2025;N;41;98;60
5/12/2025;T;55;63;34
5/12/2025;N;80;62;28
6/12/2025;T;13;71;49
6/12/2025;N;40;21;70
7/12/2025;T;96;57;70
7/12/2025;N;67;15;22
8/12/2025;T;56;58;76
8/12/2025;N;84;39;19
9/12/2025;T;83;37;20
9/12/2025;N;34;0;15
10/12/2025;T;58;37;93
10/12/2025;N;0;69;92
11/12/2025;T;52;82;13
11/12/2025;N;41;42;37
12/12/2025;T;63;53;57
12/12/2025;N;12;41;80
13/12/2025;T;21;6;70
13/12/2025;N;14;61;8
14/12/2025;T;17;66;53
14/12/2025;N;11;8;93
15/12/2025;T;74;88;99
15/12/2025;N;18;70;57
16/12/2025;T;17;99;68
16/12/2025;N;95;10;92
17/12/2025;T;52;31;30
17/12/2025;N;61;18;88
18/12/2025;T;36;92;51
18/12/2025;N;63;53;37
19/12/2025;T;22;1;17
19/12/2025;N;59;97;67
20/12/2025;T;31;69;76
20/12/2025;N;15;89;34
21/12/2025;T;58;45;69
21/12/2025;N;55;39;18
22/12/2025;T;48;71;89
22/12/2025;N;99;51;5
23/12/2025;T;74;69;27
23/12/2025;N;22;11;19
24/12/2025;T;46;76;8
24/12/2025;N;34;26;48
25/12/2025;T;25;90;22
25/12/2025;N;10;62;39
26/12/2025;T;45;1;37
26/12/2025;N;46;23;66
27/12/2025;T;52;0;1
27/12/2025;N;85;0;33
28/12/2025;T;9;53;11
28/12/2025;N;3;53;12
29/12/2025;T;22;90;81
29/12/2025;N;8;9;81
30/12/2025;T;77;22;37
30/12/2025;N;70;70;72
31/12/2025;T;7;65;71
31/12/2025;N;11;23;5
1/1/2026;T;95;11;35
1/1/2026;N;91;58;46
2/1/2026;T;62;55;59
2/1/2026;N;89;34;18
3/1/2026;T;8;94;31
3/1/2026;N;11;56;73
4/1/2026;T;71;94;55
4/1/2026;N;71;90;18
5/1/2026;T;80;85;41
5/1/2026;N;94;42;47
6/1/2026;T;9;78;89
6/1/2026;N;60;74;37
7/1/2026;T;34;70;65
7/1/2026;N;63;40;52
8/1/2026;T;29;25;14
8/1/2026;N;96;3;70
9/1/2026;T;60;89;63
9/1/2026;N;93;64;11
10/1/2026;T;1;19;79
10/1/2026;N;6;59;88
11/1/2026;T;22;57;82
11/1/2026;N;89;30;17
12/1/2026;T;60;80;86
12/1/2026;N;96;45;20
13/1/2026;T;90;97;27
13/1/2026;N;43;0;16
14/1/2026;T;16;42;23
14/1/2026;N;49;3;43
15/1/2026;T;4;2;20
15/1/2026;N;47;48;6
16/1/2026;T;73;68;25
16/1/2026;N;0;59;3
17/1/2026;T;14;3;75
17/1/2026;N;6;65;87
18/1/2026;T;11;91;69
18/1/2026;N;62;82;19
19/1/2026;T;63;34;32
19/1/2026;N;59;48;77
20/1/2026;T;43;10;38
20/1/2026;N;6;14;16
21/1/2026;T;50;8;1
21/1/2026;N;84;22;58
22/1/2026;T;93;44;98
22/1/2026;N;16;43;9
23/1/2026;T;3;66;33
23/1/2026;N;10;34;32
24/1/2026;T;61;26;39
24/1/2026;N;62;80;55
25/1/2026;T;84;98;46
25/1/2026;N;84;92;21
26/1/2026;T;60;12;83
26/1/2026;N;20;68;16
27/1/2026;T;5;46;31
27/1/2026;N;22;59;14
28/1/2026;T;87;9;51
28/1/2026;N;56;5;2
29/1/2026;T;35;46;63
29/1/2026;N;80;62;50
30/1/2026;T;64;44;46
30/1/2026;N;24;97;27
31/1/2026;T;85;2;86
31/1/2026;N;50;83;55
1/2/2026;T;33;60;3
1/2/2026;N;42;20;21
2/2/2026;T;75;10;99
2/2/2026;N;2;42;45
3/2/2026;T;52;28;56
3/2/2026;N;24;21;65
4/2/2026;T;40;38;17
4/2/2026;N;35;3;19
5/2/2026;T;54;41;25
5/2/2026;N;77;82;92
6/2/2026;T;84;18;60
6/2/2026;N;55;46;47
7/2/2026;T;2;12;19
7/2/2026;N;3;51;33
8/2/2026;T;8;37;29
8/2/2026;N;74;86;63
9/2/2026;T;90;32;91
9/2/2026;N;10;62;82
10/2/2026;T;22;54;28
10/2/2026;N;97;75;37
11/2/2026;T;68;88;21
11/2/2026;N;23;83;12
12/2/2026;T;22;17;92
12/2/2026;N;51;28;97
13/2/2026;T;84;43;58
13/2/2026;N;2;27;66
14/2/2026;T;20;95;27
14/2/2026;N;85;0;23
15/2/2026;T;26;1;69
